<?xml version="1.0" encoding="iso-8859-1"?>
<IAMADAttributes>

  <ADSIAMADAttributes ATTRIB_ID="ADSIAMADAttributes:ATTRIB_ID:1" ATTRIB_NAME="sAMAccountName" DISPLAY_NAME="adssp.iam.ad.attributes.samacname" OBJECT_TYPE="USER" DATA_TYPE="STRING"/>
  <ADSIAMADAttributes ATTRIB_ID="ADSIAMADAttributes:ATTRIB_ID:2" ATTRIB_NAME="givenName" DISPLAY_NAME="adssp.iam.ad.attributes.firstname" OBJECT_TYPE="USER" DATA_TYPE="STRING"/>
  <ADSIAMADAttributes ATTRIB_ID="ADSIAMADAttributes:ATTRIB_ID:3" ATTRIB_NAME="sn" DISPLAY_NAME="adssp.iam.ad.attributes.lastname" OBJECT_TYPE="USER" DATA_TYPE="STRING"/>
  <ADSIAMADAttributes ATTRIB_ID="ADSIAMADAttributes:ATTRIB_ID:4" ATTRIB_NAME="userPrincipalName" DISPLAY_NAME="adssp.iam.ad.attributes.upn" OBJECT_TYPE="USER" DATA_TYPE="STRING"/>
  <ADSIAMADAttributes ATTRIB_ID="ADSIAMADAttributes:ATTRIB_ID:5" ATTRIB_NAME="name" DISPLAY_NAME="adssp.iam.ad.attributes.fullname" OBJECT_TYPE="USER" DATA_TYPE="STRING"/>
  <ADSIAMADAttributes ATTRIB_ID="ADSIAMADAttributes:ATTRIB_ID:6" ATTRIB_NAME="." DISPLAY_NAME="adssp.iam.ad.attributes.dot" OBJECT_TYPE="USER" DATA_TYPE="STRING" IS_CUSTOM="true"/>
  <ADSIAMADAttributes ATTRIB_ID="ADSIAMADAttributes:ATTRIB_ID:7" ATTRIB_NAME="_" DISPLAY_NAME="adssp.iam.ad.attributes.underscore" OBJECT_TYPE="USER" DATA_TYPE="STRING" IS_CUSTOM="true"/>
  <ADSIAMADAttributes ATTRIB_ID="ADSIAMADAttributes:ATTRIB_ID:8" ATTRIB_NAME="-" DISPLAY_NAME="adssp.iam.ad.attributes.hiphen" OBJECT_TYPE="USER" DATA_TYPE="STRING" IS_CUSTOM="true"/>
  <ADSIAMADAttributes ATTRIB_ID="ADSIAMADAttributes:ATTRIB_ID:9" ATTRIB_NAME="initials" DISPLAY_NAME="adssp.iam.ad.attributes.initials" OBJECT_TYPE="USER" DATA_TYPE="STRING"/>
  <ADSIAMADAttributes ATTRIB_ID="ADSIAMADAttributes:ATTRIB_ID:10" ATTRIB_NAME="displayName" DISPLAY_NAME="adssp.iam.ad.attributes.displayname" OBJECT_TYPE="USER" DATA_TYPE="STRING"/>
  <ADSIAMADAttributes ATTRIB_ID="ADSIAMADAttributes:ATTRIB_ID:11" ATTRIB_NAME="physicalDeliveryOfficeName" DISPLAY_NAME="adssp.iam.ad.attributes.office" OBJECT_TYPE="USER" DATA_TYPE="STRING"/>
  <ADSIAMADAttributes ATTRIB_ID="ADSIAMADAttributes:ATTRIB_ID:12" ATTRIB_NAME="mail" DISPLAY_NAME="adssp.iam.ad.attributes.email" OBJECT_TYPE="USER" DATA_TYPE="STRING"/>
  <ADSIAMADAttributes ATTRIB_ID="ADSIAMADAttributes:ATTRIB_ID:13" ATTRIB_NAME="telephoneNumber" DISPLAY_NAME="adssp.iam.ad.attributes.telephonenumber" OBJECT_TYPE="USER" DATA_TYPE="STRING"/>
  <ADSIAMADAttributes ATTRIB_ID="ADSIAMADAttributes:ATTRIB_ID:14" ATTRIB_NAME="department" DISPLAY_NAME="adssp.iam.ad.attributes.department" OBJECT_TYPE="USER" DATA_TYPE="STRING"/>
  <ADSIAMADAttributes ATTRIB_ID="ADSIAMADAttributes:ATTRIB_ID:15" ATTRIB_NAME="company" DISPLAY_NAME="adssp.iam.ad.attributes.company" OBJECT_TYPE="USER" DATA_TYPE="STRING"/>
  <ADSIAMADAttributes ATTRIB_ID="ADSIAMADAttributes:ATTRIB_ID:16" ATTRIB_NAME="mobile" DISPLAY_NAME="adssp.iam.ad.attributes.mobile" OBJECT_TYPE="USER" DATA_TYPE="STRING"/>
  <ADSIAMADAttributes ATTRIB_ID="ADSIAMADAttributes:ATTRIB_ID:17" ATTRIB_NAME="cn" DISPLAY_NAME="adssp.iam.ad.attributes.commonname" OBJECT_TYPE="USER" DATA_TYPE="STRING"/>
  <ADSIAMADAttributes ATTRIB_ID="ADSIAMADAttributes:ATTRIB_ID:18" ATTRIB_NAME="employeeID" DISPLAY_NAME="adssp.iam.ad.attributes.employeeid" OBJECT_TYPE="USER" DATA_TYPE="STRING"/>
  <ADSIAMADAttributes ATTRIB_ID="ADSIAMADAttributes:ATTRIB_ID:19" ATTRIB_NAME="objectGUID" DISPLAY_NAME="adssp.iam.ad.attributes.objectguid" OBJECT_TYPE="USER" DATA_TYPE="STRING"/>

</IAMADAttributes>

<!-- $Id: IAMADAttributes.xml,v 1.5 2017/10/11 14:58:22 kirubhaakaran.s Exp $ -->
