<?xml version="1.0" encoding="UTF-8"?>

<!DOCTYPE data-dictionary SYSTEM "data-dictionary.dtd">

<data-dictionary name="adsf">

  <description>Tables related to cloud and onpremise application providers
  </description>

  <!-- Password Sync Starts -->
  <table name="ADSIAMApplicationsCategory">
    <description>
      <![CDATA[
				Holds Miscelleneous details of IAMApp Application
			]]>
    </description>
    <columns>
      <column name="CATEGORY_ID">
        <description>Applicaiton Category Id which mapped to its properties</description>
        <data-type>BIGINT</data-type>
        <uniquevalue-generation>
          <generator-name>ADSIAMApplicationsCategory.CATEGORY_ID</generator-name>
        </uniquevalue-generation>
      </column>
      <column name="CATEGORY_NAME">
        <description>Category Name for Applications</description>
        <data-type>CHAR</data-type>
        <max-size>500</max-size>
        <nullable>false</nullable>
      </column>
      <column name="DISPLAY_NAME">
        <description>Display Name for Applications</description>
        <data-type>CHAR</data-type>
        <max-size>500</max-size>
        <nullable>false</nullable>
      </column>
    </columns>
    <primary-key name="ADSIAMApplicationsCategory_PK">
      <primary-key-column>CATEGORY_ID</primary-key-column>
    </primary-key>
  </table>
  <table name="ADSIAMApplications">
    <description>
      <![CDATA[
			To specify the Other Accounts Password to be synced with the AD user Accounts
			]]>
    </description>
    <columns>
      <column name="APP_ID">
        <description>Unique ID</description>
        <data-type>BIGINT</data-type>
        <uniquevalue-generation>
          <generator-name>ADSIAMApplications.APP_ID</generator-name>
        </uniquevalue-generation>
      </column>
      <column name="CATEGORY_ID">
        <description>Unique ID.</description>
        <data-type>BIGINT</data-type>
        <unique>false</unique>
      </column>
      <column name="APP_NAME">
        <description>SYNCAccountName.</description>
        <data-type>CHAR</data-type>
        <max-size>250</max-size>
        <unique>true</unique>
      </column>
      <column name="DISPLAY_NAME">
        <description>Display name of the provider.</description>
        <data-type>CHAR</data-type>
        <max-size>250</max-size>
        <unique>false</unique>
      </column>
      <column name="ICON_STYLE">
        <description>Name of the image icon for the provider.</description>
        <data-type>CHAR</data-type>
        <max-size>250</max-size>
        <unique>false</unique>
      </column>
      <column name="PRIORITY">
        <description>To differenciate colud and host providers</description>
        <data-type>BIGINT</data-type>
        <nullable>false</nullable>
      </column>
    </columns>
    <primary-key name="ADSIAMApplications_PK">
      <primary-key-column>APP_ID</primary-key-column>
    </primary-key>
    <foreign-keys>
      <foreign-key reference-table-name="ADSIAMApplicationsCategory" name="ADSIAMApplications_FK1">
        <fk-columns>
          <fk-column>
            <fk-local-column>CATEGORY_ID</fk-local-column>
            <fk-reference-column>CATEGORY_ID</fk-reference-column>
          </fk-column>
        </fk-columns>
        <fk-constraints>ON-DELETE-CASCADE</fk-constraints>
      </foreign-key>
    </foreign-keys>
  </table>

  <table name="ADSIAMAppConfig">
    <description>
      <![CDATA[
			To specify the Other Accounts Password to be synced with the AD user Accounts
			]]>
    </description>
    <columns>
      <column name="APP_CONFIG_ID">
        <description>Unique ID.</description>
        <data-type>BIGINT</data-type>
        <uniquevalue-generation>
          <generator-name>ADSIAMAppConfig.APP_CONFIG_ID</generator-name>
        </uniquevalue-generation>
      </column>
      <column name="APP_ID">
        <description>Provider ID.</description>
        <data-type>BIGINT</data-type>
        <nullable>false</nullable>
        <unique>false</unique>
      </column>
      <column name="HOST_NAME">
        <description>Name/IP of the server.</description>
        <data-type>CHAR</data-type>
        <max-size>250</max-size>
        <nullable>false</nullable>
        <unique>false</unique>
      </column>
      <column name="HOST_DISPLAY_NAME">
        <description>Display name of the provider</description>
        <data-type>CHAR</data-type>
        <max-size>250</max-size>
        <nullable>true</nullable>
        <unique>false</unique>
      </column>
      <column name="CONFIG_IDENTIFIER">
        <description>Config identigier distinugish the SAML Request to corresponding app configuration if an app having multiple configuration</description>
        <data-type>CHAR</data-type>
        <max-size>250</max-size>
        <nullable>true</nullable>
        <unique>true</unique>
      </column>
      <column name="DESCRIPTION">
        <description>Description about the server.</description>
        <data-type>CHAR</data-type>
        <max-size>250</max-size>
        <unique>false</unique>
      </column>
      <column name="AUTH_TOKEN">
        <description>Authentication Token</description>
        <data-type>SCHAR</data-type>
        <max-size>250</max-size>
        <nullable>true</nullable>
        <unique>false</unique>
      </column>
      <column name="USER_NAME">
        <description>Admin user name.</description>
        <data-type>CHAR</data-type>
        <max-size>250</max-size>
        <nullable>true</nullable>
        <unique>false</unique>
      </column>
      <column name="PASSWORD">
        <description>Admin user password.</description>
        <data-type>SCHAR</data-type>
        <max-size>250</max-size>
        <nullable>true</nullable>
        <unique>false</unique>
      </column>
      <column name="IS_ENABLED">
        <description>To denote the system status enabled/disabled.</description>
        <data-type>BOOLEAN</data-type>
        <default-value>false</default-value>
        <nullable>false</nullable>
      </column>
      <column name="IS_DEFAULT_APP">
        <description>To identify the default settings for each provider</description>
        <data-type>BOOLEAN</data-type>
        <default-value>false</default-value>
        <nullable>true</nullable>
      </column>
    </columns>
    <primary-key name="ADSIAMAppConfig_PK">
      <primary-key-column>APP_CONFIG_ID</primary-key-column>
    </primary-key>
    <foreign-keys>
      <foreign-key reference-table-name="ADSIAMApplications" name="ADSIAMAppConfig_FK1">
        <fk-columns>
          <fk-column>
            <fk-local-column>APP_ID</fk-local-column>
            <fk-reference-column>APP_ID</fk-reference-column>
          </fk-column>
        </fk-columns>
        <fk-constraints>ON-DELETE-CASCADE</fk-constraints>
      </foreign-key>
    </foreign-keys>
  </table>
  <table name="ADSIAMAppConfigParams">
    <description>
      <![CDATA[
			To specify the other parameters needed to store the provider informations like port number etc.
			]]>
    </description>
    <columns>
      <column name="APP_CONFIG_PARAM_ID">
        <description>Unique ID.</description>
        <data-type>BIGINT</data-type>
        <uniquevalue-generation>
          <generator-name>ADSIAMAppConfigParams.APP_CONFIG_PARAM_ID</generator-name>
        </uniquevalue-generation>
      </column>
      <column name="APP_CONFIG_ID">
        <description>Unique ID.</description>
        <data-type>BIGINT</data-type>
        <nullable>false</nullable>
        <unique>false</unique>
      </column>
      <column name="PARAM_NAME">
        <description>Name of the parameter.</description>
        <data-type>CHAR</data-type>
        <max-size>250</max-size>
        <nullable>false</nullable>
        <unique>false</unique>
      </column>
      <column name="PARAM_VALUE">
        <description>Value of the parameter.</description>
        <data-type>CHAR</data-type>
        <max-size>-1</max-size>
        <nullable>false</nullable>
        <unique>false</unique>
      </column>
    </columns>
    <primary-key name="ADSIAMAppConfigParams_PK">
      <primary-key-column>APP_CONFIG_PARAM_ID</primary-key-column>
    </primary-key>
    <foreign-keys>
      <foreign-key reference-table-name="ADSIAMAppConfig" name="ADSIAMAppConfigParams_FK1">
        <fk-columns>
          <fk-column>
            <fk-local-column>APP_CONFIG_ID</fk-local-column>
            <fk-reference-column>APP_CONFIG_ID</fk-reference-column>
          </fk-column>
        </fk-columns>
        <fk-constraints>ON-DELETE-CASCADE</fk-constraints>
      </foreign-key>
    </foreign-keys>
    <unique-keys>
      <unique-key name="ADSIAMAppConfigParams_UK1">
        <unique-key-column>APP_CONFIG_ID</unique-key-column>
        <unique-key-column>PARAM_NAME</unique-key-column>
      </unique-key>
    </unique-keys>
  </table>

  <table name="ADSIAMAppAPIs">
    <description>
      <![CDATA[
			To specify the other parameters needed to store the provider informations like port number etc.
			]]>
    </description>
    <columns>
      <column name="APP_ID">
        <description>Unique ID.</description>
        <data-type>BIGINT</data-type>
        <unique>false</unique>
      </column>
      <column name="API_ID">
        <description>Api ID.</description>
        <data-type>BIGINT</data-type>
        <uniquevalue-generation>
          <generator-name>ADSIAMAppAPIs.API_ID</generator-name>
        </uniquevalue-generation>
      </column>
      <column name="API_NAME">
        <description>Name of the api.</description>
        <data-type>CHAR</data-type>
        <max-size>250</max-size>
        <nullable>false</nullable>
        <unique>false</unique>
      </column>
      <column name="API_CLASS_NAME">
        <description>Class name of the api.</description>
        <data-type>CHAR</data-type>
        <max-size>250</max-size>
        <nullable>false</nullable>
        <unique>false</unique>
      </column>
      <column name="API_URL">
        <description>URL of the api.</description>
        <data-type>CHAR</data-type>
        <max-size>1000</max-size>
        <nullable>true</nullable>
        <unique>false</unique>
      </column>
    </columns>
    <primary-key name="ADSIAMAppAPIs_PK">
      <primary-key-column>API_ID</primary-key-column>
    </primary-key>
    <foreign-keys>
      <foreign-key reference-table-name="ADSIAMApplications" name="ADSIAMAppAPIs_FK1">
        <fk-columns>
          <fk-column>
            <fk-local-column>APP_ID</fk-local-column>
            <fk-reference-column>APP_ID</fk-reference-column>
          </fk-column>
        </fk-columns>
        <fk-constraints>ON-DELETE-CASCADE</fk-constraints>
      </foreign-key>
    </foreign-keys>
  </table>
  <table name="ADSIAMAppAPIParams">
    <description>
      <![CDATA[
			To specify the other parameters needed to store the provider informations like port number etc.
			]]>
    </description>
    <columns>
      <column name="API_PARAM_ID">
        <description>Api param ID.</description>
        <data-type>BIGINT</data-type>
        <uniquevalue-generation>
          <generator-name>ADSIAMAppAPIParams.API_PARAM_ID</generator-name>
        </uniquevalue-generation>
      </column>
      <column name="API_ID">
        <description>Unique ID.</description>
        <data-type>BIGINT</data-type>
        <nullable>false</nullable>
        <unique>false</unique>
      </column>
      <column name="PARAM_NAME">
        <description>Name of the parameter.</description>
        <data-type>CHAR</data-type>
        <max-size>250</max-size>
        <nullable>false</nullable>
        <unique>false</unique>
      </column>
      <column name="PARAM_VALUE">
        <description>Value of the parameter.</description>
        <data-type>CHAR</data-type>
        <max-size>250</max-size>
        <nullable>false</nullable>
        <unique>false</unique>
      </column>
    </columns>
    <primary-key name="ADSIAMAppAPIParams_PK">
      <primary-key-column>API_PARAM_ID</primary-key-column>
    </primary-key>
    <foreign-keys>
      <foreign-key reference-table-name="ADSIAMAppAPIs" name="ADSIAMAppAPIParams_FK1">
        <fk-columns>
          <fk-column>
            <fk-local-column>API_ID</fk-local-column>
            <fk-reference-column>API_ID</fk-reference-column>
          </fk-column>
        </fk-columns>
        <fk-constraints>ON-DELETE-CASCADE</fk-constraints>
      </foreign-key>
    </foreign-keys>
    <unique-keys>
      <unique-key name="ADSIAMAppAPIParams_UK1">
        <unique-key-column>API_ID</unique-key-column>
        <unique-key-column>PARAM_NAME</unique-key-column>
      </unique-key>
    </unique-keys>
  </table>
  <table name="ADSIAMProductAttributes">
    <description>
      <![CDATA[
				Holds product attributes which is common to all IAMProviders (like AD,O365,google,etc)
			]]>
    </description>
    <columns>
      <column name="ATTRIB_ID">
        <description>Unique ID.</description>
        <data-type>BIGINT</data-type>
        <uniquevalue-generation>
          <generator-name>ADSIAMProductAttributes.ATTRIB_ID</generator-name>
        </uniquevalue-generation>
      </column>
      <column name="ATTRIB_NAME">
        <description>Name of the attribute.</description>
        <data-type>CHAR</data-type>
        <max-size>250</max-size>
        <nullable>false</nullable>
      </column>
      <column name="DISPLAY_NAME">
        <description>Attribute Display name</description>
        <data-type>CHAR</data-type>
        <max-size>250</max-size>
        <nullable>false</nullable>
      </column>
      <column name="OBJECT_TYPE">
        <description>Specify which object like User Object,Computer Object,etc</description>
        <data-type>CHAR</data-type>
        <max-size>250</max-size>
        <nullable>false</nullable>
      </column>
      <column name="DATA_TYPE">
        <description>Attribute Data type</description>
        <data-type>CHAR</data-type>
        <max-size>250</max-size>
        <nullable>false</nullable>
      </column>
      <column name="IS_MANDATORY">
        <description>Specifies mandatory attributes for all IAMApps</description>
        <data-type>BOOLEAN</data-type>
        <default-value>false</default-value>
        <nullable>true</nullable>
      </column>
    </columns>
    <primary-key name="ADSIAMProductAttributes_PK">
      <primary-key-column>ATTRIB_ID</primary-key-column>
    </primary-key>
  </table>
  <table name="ADSIAMADAttributes">
    <description>
      <![CDATA[
				Holds AD attributes which is to support IAMApp Features
			]]>
    </description>
    <columns>
      <column name="ATTRIB_ID">
        <description>Unique ID.</description>
        <data-type>BIGINT</data-type>
        <uniquevalue-generation>
          <generator-name>ADSIAMADAttributes.ATTRIB_ID</generator-name>
        </uniquevalue-generation>
      </column>
      <column name="ATTRIB_NAME">
        <description>Name of the attribute.</description>
        <data-type>CHAR</data-type>
        <max-size>250</max-size>
        <nullable>false</nullable>
      </column>
      <column name="DISPLAY_NAME">
        <description>Attribute Display name</description>
        <data-type>CHAR</data-type>
        <max-size>250</max-size>
        <nullable>false</nullable>
      </column>
      <column name="OBJECT_TYPE">
        <description>Specify which object like User Object,Computer Object,etc</description>
        <data-type>CHAR</data-type>
        <max-size>250</max-size>
        <nullable>false</nullable>
      </column>
      <column name="DATA_TYPE">
        <description>Attribute Data type</description>
        <data-type>CHAR</data-type>
        <max-size>250</max-size>
        <nullable>false</nullable>
      </column>
      <column name="IS_CUSTOM">
        <description>Specifies whether custom attributes or AD-Defined attributes</description>
        <data-type>BOOLEAN</data-type>
        <default-value>false</default-value>
        <nullable>true</nullable>
      </column>
      <column name="IS_MANDATORY">
        <description>Specifies mandatory attributes for all IAMApps</description>
        <data-type>BOOLEAN</data-type>
        <default-value>false</default-value>
        <nullable>true</nullable>
      </column>
      <column name="DATA_HANDLER_TYPE">
        <description>This type is used while updating the Attributes.</description>
        <data-type>BIGINT</data-type>
        <default-value>1</default-value>
        <nullable>false</nullable>
      </column>
      <column name="IS_MULTI_VALUED">
        <description>Weather attribute is multivalued.</description>
        <data-type>BOOLEAN</data-type>
        <default-value>false</default-value>
        <nullable>false</nullable>
      </column>
      <column name="IS_RANGED">
        <description>Weather attribute is Ranged.</description>
        <data-type>BOOLEAN</data-type>
        <default-value>false</default-value>
        <nullable>false</nullable>
      </column>
      <column name="IS_FORWARD_LINKED">
        <description>Weather attribute has frontlink.</description>
        <data-type>BOOLEAN</data-type>
        <default-value>false</default-value>
        <nullable>false</nullable>
      </column>
      <column name="IS_BACK_LINKED">
        <description>Weather attribute has backlink.</description>
        <data-type>BOOLEAN</data-type>
        <default-value>false</default-value>
        <nullable>false</nullable>
      </column>
    </columns>
    <primary-key name="ADSIAMADAttributes_PK">
      <primary-key-column>ATTRIB_ID</primary-key-column>
    </primary-key>
  </table>
  <table name="ADSIAMGoogleAttributes">
    <description>
      <![CDATA[
				Holds Google attributes which is to support IAMApp Features
			]]>
    </description>
    <columns>
      <column name="ATTRIB_ID">
        <description>Unique ID.</description>
        <data-type>BIGINT</data-type>
        <uniquevalue-generation>
          <generator-name>ADSIAMGoogleAttributes.ATTRIB_ID</generator-name>
        </uniquevalue-generation>
      </column>
      <column name="ATTRIB_NAME">
        <description>Name of the attribute.</description>
        <data-type>CHAR</data-type>
        <max-size>250</max-size>
        <nullable>false</nullable>
      </column>
      <column name="DISPLAY_NAME">
        <description>Attribute Display name</description>
        <data-type>CHAR</data-type>
        <max-size>250</max-size>
        <nullable>false</nullable>
      </column>
      <column name="OBJECT_TYPE">
        <description>Specify which object like User Object,Computer Object,etc</description>
        <data-type>CHAR</data-type>
        <max-size>250</max-size>
        <nullable>false</nullable>
      </column>
      <column name="DATA_TYPE">
        <description>Attribute Data type</description>
        <data-type>CHAR</data-type>
        <max-size>250</max-size>
        <nullable>false</nullable>
      </column>
      <column name="IS_CUSTOM">
        <description>Specifies whether custom attributes or Google-Defined attributes</description>
        <data-type>BOOLEAN</data-type>
        <default-value>false</default-value>
        <nullable>true</nullable>
      </column>
      <column name="IS_MANDATORY">
        <description>Specifies mandatory attributes for all IAMApps</description>
        <data-type>BOOLEAN</data-type>
        <default-value>false</default-value>
        <nullable>true</nullable>
      </column>
    </columns>
    <primary-key name="ADSIAMGoogleAttributes_PK">
      <primary-key-column>ATTRIB_ID</primary-key-column>
    </primary-key>
  </table>
  <table name="ADSIAMO365Attributes">
    <description>
      <![CDATA[
				Holds AD attributes which is to support IAMApp Features
			]]>
    </description>
    <columns>
      <column name="ATTRIB_ID">
        <description>Unique ID.</description>
        <data-type>BIGINT</data-type>
        <uniquevalue-generation>
          <generator-name>ADSIAMO365Attributes.ATTRIB_ID</generator-name>
        </uniquevalue-generation>
      </column>
      <column name="ATTRIB_NAME">
        <description>Name of the attribute.</description>
        <data-type>CHAR</data-type>
        <max-size>250</max-size>
        <nullable>false</nullable>
      </column>
      <column name="DISPLAY_NAME">
        <description>Attribute Display name</description>
        <data-type>CHAR</data-type>
        <max-size>250</max-size>
        <nullable>false</nullable>
      </column>
      <column name="OBJECT_TYPE">
        <description>Specify which object like User Object,Computer Object,etc</description>
        <data-type>CHAR</data-type>
        <max-size>250</max-size>
        <nullable>false</nullable>
      </column>
      <column name="DATA_TYPE">
        <description>Attribute Data type</description>
        <data-type>CHAR</data-type>
        <max-size>250</max-size>
        <nullable>false</nullable>
      </column>
      <column name="IS_CUSTOM">
        <description>Specifies whether custom attributes or O365-Defined attributes</description>
        <data-type>BOOLEAN</data-type>
        <default-value>false</default-value>
        <nullable>true</nullable>
      </column>
      <column name="IS_MANDATORY">
        <description>Specifies mandatory attributes for all IAMApps</description>
        <data-type>BOOLEAN</data-type>
        <default-value>false</default-value>
        <nullable>true</nullable>
      </column>
    </columns>
    <primary-key name="ADSIAMO365Attributes_PK">
      <primary-key-column>ATTRIB_ID</primary-key-column>
    </primary-key>
  </table>
  <table name="ADSIAMAttributeMapping">
    <description>
      <![CDATA[
				Holds AD attributes which is to support IAMApp Features
			]]>
    </description>
    <columns>
      <column name="ATTR_MAPPING_ID">
        <description>Unique ID.</description>
        <data-type>BIGINT</data-type>
        <uniquevalue-generation>
          <generator-name>ADSIAMAttributeMapping.ATTR_MAPPING_ID</generator-name>
        </uniquevalue-generation>
      </column>
      <column name="PRODUCT_ATTRIB_ID">
        <description>Product attributes of IAMApp attributes</description>
        <data-type>BIGINT</data-type>
        <nullable>false</nullable>
      </column>
      <column name="APP_ID">
        <description>IAMApp ID to which attribute gets mapping</description>
        <data-type>BIGINT</data-type>
        <nullable>false</nullable>
      </column>
      <column name="APP_ATTRIB_ID">
        <description>IAMApp attribute Id</description>
        <data-type>BIGINT</data-type>
        <nullable>false</nullable>
      </column>
    </columns>
    <primary-key name="ADSIAMAttributeMapping_PK">
      <primary-key-column>ATTR_MAPPING_ID</primary-key-column>
    </primary-key>
    <foreign-keys>
      <foreign-key reference-table-name="ADSIAMApplications" name="ADSIAMAttributeMapping_FK1">
        <fk-columns>
          <fk-column>
            <fk-local-column>APP_ID</fk-local-column>
            <fk-reference-column>APP_ID</fk-reference-column>
          </fk-column>
        </fk-columns>
        <fk-constraints>ON-DELETE-CASCADE</fk-constraints>
      </foreign-key>
      <foreign-key reference-table-name="ADSIAMProductAttributes" name="ADSIAMAttributeMapping_FK2">
        <fk-columns>
          <fk-column>
            <fk-local-column>PRODUCT_ATTRIB_ID</fk-local-column>
            <fk-reference-column>ATTRIB_ID</fk-reference-column>
          </fk-column>
        </fk-columns>
        <fk-constraints>ON-DELETE-CASCADE</fk-constraints>
      </foreign-key>
    </foreign-keys>
  </table>
  <!-- Tables related to IAM Account Mapping -->
  <table name="ADSIAMAccMapping">
    <description>
      <![CDATA[
         Contains the details about the account mapping for providers
                 ]]>
    </description>
    <columns>
      <column name="ACC_MAPPING_ID">
        <description>Unique ID.</description>
        <data-type>BIGINT</data-type>
        <uniquevalue-generation>
          <generator-name>ADSIAMAccMapping.ACC_MAPPING_ID</generator-name>
        </uniquevalue-generation>
      </column>
      <column name="APP_CONFIG_ID">
        <description>provider id</description>
        <data-type>BIGINT</data-type>
        <nullable>false</nullable>
      </column>
      <column name="ATTRIB_ID">
        <description>AD attribute id or special characters</description>
        <data-type>BIGINT</data-type>
        <nullable>false</nullable>
      </column>
      <column name="PRIORITY">
        <description>attribute priority</description>
        <data-type>BIGINT</data-type>
        <nullable>false</nullable>
      </column>
    </columns>
    <primary-key name="ADSIAMAccMapping_PK">
      <primary-key-column>ACC_MAPPING_ID</primary-key-column>
    </primary-key>
    <foreign-keys>
      <foreign-key reference-table-name="ADSIAMAppConfig" name="ADSIAMAccMapping_FK1">
        <fk-columns>
          <fk-column>
            <fk-local-column>APP_CONFIG_ID</fk-local-column>
            <fk-reference-column>APP_CONFIG_ID</fk-reference-column>
          </fk-column>
        </fk-columns>
        <fk-constraints>ON-DELETE-CASCADE</fk-constraints>
      </foreign-key>
      <foreign-key reference-table-name="ADSIAMADAttributes" name="ADSIAMAccMapping_FK2">
        <fk-columns>
          <fk-column>
            <fk-local-column>ATTRIB_ID</fk-local-column>
            <fk-reference-column>ATTRIB_ID</fk-reference-column>
          </fk-column>
        </fk-columns>
        <fk-constraints>ON-DELETE-CASCADE</fk-constraints>
      </foreign-key>
    </foreign-keys>
    <unique-keys>
    <unique-key name="ADSIAMAccMapping_UK1">
      <unique-key-column>APP_CONFIG_ID</unique-key-column>
      <unique-key-column>PRIORITY</unique-key-column>
    </unique-key>
  </unique-keys>
  </table>
  <!-- Tables related to IAM Application properties -->
  <table name="ADSIAMApplicationsProps">
    <description>
      <![CDATA[
				Holds Miscelleneous details of IAMApp Application
			]]>
    </description>
    <columns>
      <column name="APP_PROP_ID">
        <description>Unique ID.</description>
        <data-type>BIGINT</data-type>
        <uniquevalue-generation>
          <generator-name>ADSIAMApplicationsProps.APP_PROP_ID</generator-name>
        </uniquevalue-generation>
      </column>
      <column name="APP_ID">
        <description>Applicaiton Id which mapped to its properties</description>
        <data-type>BIGINT</data-type>
        <nullable>false</nullable>
      </column>
      <column name="SUPPORTED_OPERATIONS_BIT">
        <description>flag determines an application able to perform saml sso (1) ,password sync (2) operations</description>
        <data-type>BIGINT</data-type>
        <nullable>false</nullable>
      </column>
      <column name="CONFIG_BIT">
        <description>flag determines an application configuration required to saml url needed(1) ,domain or subdomain needed(2)</description>
        <data-type>BIGINT</data-type>
        <nullable>true</nullable>
      </column>
      <column name="APP_TITLE">
        <data-type>CHAR</data-type>
        <max-size>250</max-size>
        <default-value>App title</default-value>
        <nullable>true</nullable>
      </column>
      <column name="DOMAIN_LABEL">
        <data-type>CHAR</data-type>
        <max-size>1000</max-size>
        <nullable>true</nullable>
      </column>
      <column name="CUSTOM_LABEL">
        <data-type>CHAR</data-type>
        <max-size>1000</max-size>
        <nullable>true</nullable>
      </column>
      <column name="DEFAULT_LOGIN_URL">
        <data-type>CHAR</data-type>
        <max-size>1000</max-size>
        <nullable>true</nullable>
      </column>
      <column name="DEFAULT_LOGOUT_URL">
        <data-type>CHAR</data-type>
        <max-size>1000</max-size>
        <nullable>true</nullable>
      </column>
      <column name="APP_WARNING_MSG">
        <data-type>CHAR</data-type>
        <max-size>1000</max-size>
        <nullable>true</nullable>
      </column>
      <column name="ATTRIB_REQ_SAML_RESPONSE">
        <description>List of attrbutes have to be placed in saml response</description>
        <data-type>CHAR</data-type>
        <max-size>1000</max-size>
        <nullable>true</nullable>
      </column>
      <column name="EXCLUDE_HOSTNAME">
        <description>Specifies hostname to be appended or not as login name for an iam app</description>
        <data-type>BOOLEAN</data-type>
        <default-value>false</default-value>
        <nullable>true</nullable>
      </column>
      <column name="DEFAULT_ACS_URL">
        <description>Specifies DEFAULT_ACS_URL</description>
        <data-type>CHAR</data-type>
        <max-size>1000</max-size>
        <nullable>true</nullable>
      </column>
      <column name="DEFAULT_ENTITY_ID">
        <description>Specifies DEFAULT_ENTITY_ID</description>
        <data-type>CHAR</data-type>
        <max-size>1000</max-size>
        <nullable>true</nullable>
      </column>
      <column name="SHA_METHOD">
        <data-type>CHAR</data-type>
        <max-size>50</max-size>
        <default-value>SHA1</default-value>
        <nullable>true</nullable>
      </column>
      <column name="SIGNED_SAML_RESPONSE">
        <description>Indicates whether SAML Response has to be signed or not</description>
        <data-type>BOOLEAN</data-type>
        <default-value>true</default-value>
        <nullable>false</nullable>
      </column>
      <column name="ACC_MAPPING_ATTRIBUTE">
        <description>Specifies ACC_MAPPING_ATTRIBUTE</description>
        <data-type>CHAR</data-type>
        <max-size>1000</max-size>
        <nullable>true</nullable>
      </column>
      <column name="IS_IDP_INITIATED_FLOW">
        <description>Specifies IS_IDP_INITIATED_FLOW or not</description>
        <data-type>BOOLEAN</data-type>
        <default-value>false</default-value>
        <nullable>true</nullable>
      </column>
    </columns>
    <primary-key name="ADSIAMApplicationsProps_PK">
      <primary-key-column>APP_PROP_ID</primary-key-column>
    </primary-key>
    <foreign-keys>
      <foreign-key reference-table-name="ADSIAMApplications" name="ADSIAMApplicationsProps_FK1">
        <fk-columns>
          <fk-column>
            <fk-local-column>APP_ID</fk-local-column>
            <fk-reference-column>APP_ID</fk-reference-column>
          </fk-column>
        </fk-columns>
        <fk-constraints>ON-DELETE-CASCADE</fk-constraints>
      </foreign-key>
    </foreign-keys>
    <unique-keys>
      <unique-key name="ADSIAMApplicationsProps_UK1">
        <unique-key-column>APP_ID</unique-key-column>
      </unique-key>
    </unique-keys>
  </table>
</data-dictionary>

<!--$Id: data-dictionary.xml,v 1.7 2017/10/15 07:37:03 kirubhaakaran.s Exp $ -->
