<?xml version="1.0" encoding="UTF-8"?>
<project name="idmpod" default="all">


    <property file="cloud.properties"/>
    <!-- Uncomment the following property if no tests compilation is needed -->
    <!--
    <property name="skip.tests" value="true"/>
     -->

    <!-- Compiler options -->

    <property name="compiler.debug" value="on"/>
    <property name="compiler.generate.no.warnings" value="off"/>
    <property name="compiler.args" value=""/>
    <property name="compiler.max.memory" value="700m"/>
    <patternset id="ignored.files">
        <exclude name="**/*.hprof/**"/>
        <exclude name="**/*.pyc/**"/>
        <exclude name="**/*.pyo/**"/>
        <exclude name="**/*.rbc/**"/>
        <exclude name="**/*.yarb/**"/>
        <exclude name="**/*~/**"/>
        <exclude name="**/.DS_Store/**"/>
        <exclude name="**/.git/**"/>
        <exclude name="**/.hg/**"/>
        <exclude name="**/.svn/**"/>
        <exclude name="**/CVS/**"/>
        <exclude name="**/__pycache__/**"/>
        <exclude name="**/_svn/**"/>
        <exclude name="**/vssver.scc/**"/>
        <exclude name="**/vssver2.scc/**"/>
    </patternset>
    <patternset id="library.patterns">
        <include name="*.war"/>
        <include name="*.swc"/>
        <include name="*.zip"/>
        <include name="*.egg"/>
        <include name="*.ane"/>
        <include name="*.jar"/>
        <include name="*.ear"/>
    </patternset>
    <patternset id="compiler.resources">
        <exclude name="**/?*.java"/>
        <exclude name="**/?*.form"/>
        <exclude name="**/?*.class"/>
        <exclude name="**/?*.groovy"/>
        <exclude name="**/?*.scala"/>
        <exclude name="**/?*.flex"/>
        <exclude name="**/?*.kt"/>
        <exclude name="**/?*.clj"/>
        <exclude name="**/?*.aj"/>
    </patternset>

    <!-- JDK definitions -->

    <property name="jdk.bin.1.8" value="${jdk.home.1.8}/bin"/>
    <path id="jdk.classpath.1.8">
        <fileset dir="${jdk.home.1.8}">
            <include name="jre/lib/charsets.jar"/>
            <include name="jre/lib/deploy.jar"/>
            <include name="jre/lib/ext/access-bridge-64.jar"/>
            <include name="jre/lib/ext/cldrdata.jar"/>
            <include name="jre/lib/ext/dnsns.jar"/>
            <include name="jre/lib/ext/jaccess.jar"/>
            <include name="jre/lib/ext/jfxrt.jar"/>
            <include name="jre/lib/ext/localedata.jar"/>
            <include name="jre/lib/ext/nashorn.jar"/>
            <include name="jre/lib/ext/sunec.jar"/>
            <include name="jre/lib/ext/sunjce_provider.jar"/>
            <include name="jre/lib/ext/sunmscapi.jar"/>
            <include name="jre/lib/ext/sunpkcs11.jar"/>
            <include name="jre/lib/ext/zipfs.jar"/>
            <include name="jre/lib/javaws.jar"/>
            <include name="jre/lib/jce.jar"/>
            <include name="jre/lib/jfr.jar"/>
            <include name="jre/lib/jfxswt.jar"/>
            <include name="jre/lib/jsse.jar"/>
            <include name="jre/lib/management-agent.jar"/>
            <include name="jre/lib/plugin.jar"/>
            <include name="jre/lib/resources.jar"/>
            <include name="jre/lib/rt.jar"/>
        </fileset>
    </path>

    <property name="project.jdk.home" value="${jdk.home.1.8}"/>
    <property name="project.jdk.bin" value="${jdk.bin.1.8}"/>
    <property name="project.jdk.classpath" value="jdk.classpath.1.8"/>

    <!-- Modules -->


    <!-- Module idmpod -->

    <dirname property="module.idmpod.basedir" file="${ant.file}"/>

    <property name="project.root" value="${module.idmpod.basedir}/.."/>
    <property name="module.jdk.home.idmpod" value="${project.jdk.home}"/>
    <property name="module.jdk.bin.idmpod" value="${project.jdk.bin}"/>
    <property name="module.jdk.classpath.idmpod" value="${project.jdk.classpath}"/>

    <property name="compiler.args.idmpod" value="-encoding UTF-8 -source 1.8 -target 1.8 ${compiler.args}"/>

    <property name="idmpod.output.dir" value="cloud_out"/>
    <property name="idmpod.jars.dir" value="jars"/>
    <property name="idmpod.testoutput.dir" value="undefined"/>

    <path id="idmpod.module.bootclasspath">
        <!-- Paths to be included in compilation bootclasspath -->
    </path>

    <path id="idmpod.module.production.classpath">
        <path refid="${module.jdk.classpath.idmpod}"/>
        <fileset dir="${libs.dir}">
            <patternset refid="library.patterns"/>
        </fileset>
    </path>

    <path id="idmpod.runtime.production.module.classpath">
        <fileset dir="${libs.dir}">
            <patternset refid="library.patterns"/>
        </fileset>
    </path>

    <path id="idmpod.module.classpath">
        <path refid="${module.jdk.classpath.idmpod}"/>
        <fileset dir="${libs.dir}">
            <patternset refid="library.patterns"/>
        </fileset>
    </path>

    <path id="idmpod.runtime.module.classpath">
        <fileset dir="${libs.dir}">
            <patternset refid="library.patterns"/>
        </fileset>
    </path>


    <patternset id="excluded.from.module.idmpod">
        <patternset refid="ignored.files"/>
    </patternset>

    <patternset id="excluded.from.compilation.idmpod">
        <patternset refid="excluded.from.module.idmpod"/>
    </patternset>

    <path id="idmpod.module.sourcepath">
        <dirset dir="${module.idmpod.basedir}">
            <include name="cloud"/>
        </dirset>
    </path>


    <target name="compile.module.idmpod" depends="compile.module.idmpod.production,compile.module.idmpod.tests"
            description="Compile module idmpod"/>

    <macrodef name="dd2java_gen">
        <attribute name="dd-file"/>
        <sequential>
            <echo message="dd2java gen for file @{dd-file}"/>
            <java dir="${ddtool.unzip.dir}" classname="test.DDReader" fork="true" failonerror="true">
                <arg line="-dd @{dd-file} -outDir ${ddtool.target.dir}/java -template ${ddtool.unzip.dir}/build_tools/conf/${ddtool.template.file}"/>
                <jvmarg line="-Dpackage_name=${ddtool.package.name}"/>
                <classpath>
                    <fileset dir="${ddtool.unzip.dir}/build_tools/lib/">
                        <include name="*.jar"/>
                    </fileset>
                </classpath>
            </java>
        </sequential>
    </macrodef>

    <target name="dd2java">
        <echo message="DD2Java Generation, using working directory ${ddtool.work.dir}..."/>
        <!--parse cloud dd-files.xml -->
        <xmlproperty file="${project.root}/${ddtool.ddfiles.file}" collapseAttributes="true"/>
        <echo message="removing ${ddtool.target.dir}"/>
        <delete dir="${ddtool.target.dir}"/>
        <echo message="parsing files and generating java source for ${project.root}/${ddtool.ddfiles.file}"/>
        <echo message="${dd-files.ConfFile.url}"/>
        <for param="dd-file" list="${dd-files.ConfFile.url}">
            <sequential>
                <dd2java_gen dd-file="${project.root}/${ddtool.ddfiles.dir}/@{dd-file}"/>
            </sequential>
        </for>

        <!-- compile -->
        <echo message="Compiling DD javas to ${ddtool.target.dir}/bin ..."/>
        <mkdir dir="${ddtool.target.dir}/bin"/>
        <javac srcdir="${ddtool.target.dir}/java" destdir="${ddtool.target.dir}/bin" fork="true"/>

        <!-- genjar -->
        <echo message="'${ddtool.target.dir}/${ddtool.src.jar}'---->'${ddtool.target.dir}/java'"/>
        <jar destfile="${ddtool.target.dir}/${ddtool.src.jar}" basedir="${ddtool.target.dir}/java"/>
        <jar destfile="${ddtool.target.dir}/${ddtool.bin.jar}" basedir="${ddtool.target.dir}/bin"/>

        <copyfile src="${ddtool.target.dir}/${ddtool.bin.jar}" dest="${libs.dir}/${ddtool.bin.jar}"/>

    </target>

    <target name="adsdd2java">
        <echo message="DD2Java Generation, using working directory ${ddtool.work.dir}..."/>
        <!--parse cloud dd-files.xml -->
        <var name="dd-files.ConfFile.url" unset="true"/>
        <xmlproperty file="${project.root}/${ddtool.adsddfiles.file}" collapseAttributes="true"/>
        <echo message="removing ${ddtool.target.dir}"/>
        <delete dir="${ddtool.target.dir}"/>
        <echo message="parsing files and generating java source for ${project.root}/${ddtool.adsddfiles.file}"/>
        <echo message="${dd-files.ConfFile.url}"/>
        <for param="dd-file" list="${dd-files.ConfFile.url}">
            <sequential>
                <dd2java_gen dd-file="${project.root}/${ddtool.adsddfiles.dir}/@{dd-file}"/>
            </sequential>
        </for>

        <!-- compile -->
        <echo message="Compiling DD javas to ${ddtool.target.dir}/bin ..."/>
        <mkdir dir="${ddtool.target.dir}/bin"/>
        <javac srcdir="${ddtool.target.dir}/java" destdir="${ddtool.target.dir}/bin" fork="true"/>

        <!-- genjar -->
        <echo message="'${ddtool.target.dir}/${adsddtool.src.jar}'---->'${ddtool.target.dir}/java'"/>
        <jar destfile="${ddtool.target.dir}/${adsddtool.src.jar}" basedir="${ddtool.target.dir}/java"/>
        <jar destfile="${ddtool.target.dir}/${adsddtool.bin.jar}" basedir="${ddtool.target.dir}/bin"/>

        <copyfile src="${ddtool.target.dir}/${adsddtool.bin.jar}" dest="${libs.dir}/${adsddtool.bin.jar}"/>

    </target>


    <target name="compile.module.idmpod.production" depends="dd2java,adsdd2java"
            description="Compile module idmpod; production classes">
        <mkdir dir="${idmpod.output.dir}"/>
        <javac destdir="${idmpod.output.dir}" debug="${compiler.debug}" nowarn="${compiler.generate.no.warnings}"
               memorymaximumsize="${compiler.max.memory}" fork="true" executable="${module.jdk.bin.idmpod}/javac">
            <compilerarg line="${compiler.args.idmpod}"/>
            <bootclasspath refid="idmpod.module.bootclasspath"/>
            <classpath refid="idmpod.module.production.classpath"/>
            <src refid="idmpod.module.sourcepath"/>
            <patternset refid="excluded.from.compilation.idmpod"/>
        </javac>

        <copy todir="${idmpod.output.dir}">
            <fileset dir="${module.idmpod.basedir}/cloud">
                <patternset refid="compiler.resources"/>
                <type type="file"/>
            </fileset>
        </copy>

        <jar destfile="${idmpod.jars.dir}/${idmpod.bin.jar}" basedir="${idmpod.output.dir}"/>
        <copyfile src="${libs.dir}/${ddtool.bin.jar}" dest="${idmpod.jars.dir}/${ddtool.bin.jar}"/>
        <copyfile src="${libs.dir}/${adsddtool.bin.jar}" dest="${idmpod.jars.dir}/${adsddtool.bin.jar}"/>
        <copyfile src="${idmpod.jars.dir}/${idmpod.bin.jar}" dest="${proj.dir.rootInf}/lib/${idmpod.bin.jar}"/>

        <copy todir="${proj.dir.rootInf}/conf/idmpod">
            <fileset dir="${project.root}/product_package/cloud/conf/idmpod">
                <patternset refid="compiler.resources"/>
                <type type="file"/>
            </fileset>
        </copy>
        <copy todir="${proj.dir.rootInf}/conf/adsf">
            <fileset dir="${project.root}/product_package/cloud/conf/adsf">
                <patternset refid="compiler.resources"/>
                <type type="file"/>
            </fileset>
        </copy>
        <copy todir="${proj.dir.rootInf}/conf/Persistence">
            <fileset dir="${project.root}/product_package/cloud/conf/Persistence">
                <patternset refid="compiler.resources"/>
                <exclude name="persistence-configurations.xml"/>
                <type type="file"/>
            </fileset>
        </copy>
        <copy todir="${proj.dir.rootInf}/classes">
            <fileset dir="${project.root}/product_package/cloud/resources">
                <patternset refid="compiler.resources"/>
                <type type="file"/>
            </fileset>
        </copy>
    </target>

    <target name="compile.module.idmpod.tests" depends="compile.module.idmpod.production"
            description="compile module idmpod; test classes" unless="skip.tests"/>

    <target name="clean.module.idmpod" description="cleanup module">
        <delete dir="${idmpod.output.dir}"/>
        <delete dir="${idmpod.testoutput.dir}"/>
        <delete dir="${idmpod.jars.dir}"/>
    </target>

    <target name="init" description="Build initialization">
        <!-- Perform any build initialization in this target -->
    </target>

    <target name="clean" depends="clean.module.idmpod" description="cleanup all"/>

    <target name="build.modules" depends="init, clean, compile.module.idmpod" description="build all modules"/>

    <target name="all" depends="build.modules" description="build all"/>

    <taskdef resource="net/sf/antcontrib/antlib.xml"/>

    <macrodef name="convertToDev">
        <attribute name="webinf"/>
        <sequential>
            <replaceregexp file="@{webinf}/classes/logging.properties" byline="true"
                           match="com\.zoho\.logs\.logclient\.logger\.ApplicationLogHandler\.local=false"
                           replace="com\.zoho\.logs\.logclient\.logger\.ApplicationLogHandler\.local=true"/>

            <replaceregexp file="@{webinf}/conf/sas.properties" byline="true" match="production=(.*)"
                           replace="production=false"/>
            <replaceregexp file="@{webinf}/conf/configuration.properties" byline="true" match="app\.home=(.*)"
                           replace="app.home=@{webinf}"/>
            <replaceregexp file="@{webinf}/conf/configuration.properties" byline="true" match="app\.context=(.*)"
                           replace="app.context=/"/>
            <replaceregexp file="@{webinf}/conf/configuration.properties" byline="true" match="production=(.*)"
                           replace="production=false"/>
            <replaceregexp file="@{webinf}/conf/configuration.properties" byline="true" match="db\.username=(.*)"
                           replace="db.username=root"/>
            <replaceregexp file="@{webinf}/conf/configuration.properties" byline="true" match="db\.password=(.*)"
                           replace="db.password=${db.root.password}"/>

            <!--postgres only changes-->
            <replaceregexp file="@{webinf}/conf/configuration.properties" byline="true" match="db\.drivername=(.*)"
                           replace="db.drivername=org.postgresql.Driver"/>
            <replaceregexp file="@{webinf}/conf/configuration.properties" byline="true" match="db.url=(.*)"
                           replace="db.url=jdbc:postgresql://$host:$port/$dbName?charSet=UNICODE"/>
            <replaceregexp file="@{webinf}/conf/configuration.properties" byline="true" match="db.name=(.*)"
                           replace="db.name=sasdb"/>
            <replaceregexp file="@{webinf}/conf/configuration.properties" byline="true" match="db.port=(.*)"
                           replace="db.port=5432"/>
            <replaceregexp file="@{webinf}/conf/configuration.properties" byline="true" match="db.schemaname=(.*)"
                           replace="db.schemaname=jbossdb"/>
            <replaceregexp file="@{webinf}/conf/configuration.properties" byline="true" match="sas.dbserver.name=(.*)"
                           replace="sas.dbserver.name=POSTGRES"/>
            <replaceregexp file="@{webinf}/conf/configuration.properties" byline="true" match="db.vendor.name=(.*)"
                           replace="db.vendor.name=postgres"/>

            <replaceregexp file="@{webinf}/conf/Persistence/persistence-configurations.xml" byline="true"
                           match="&lt;configuration name=&quot;DSAdapter&quot; value=&quot;.*&quot;/&gt;"
                           replace="&lt;configuration name=&quot;DSAdapter&quot; value=&quot;saspg&quot;/&gt;"/>
            <replaceregexp file="@{webinf}/conf/Persistence/persistence-configurations.xml" byline="true"
                           match="&lt;configuration name=&quot;DBName&quot; value=&quot;.*&quot;/&gt;"
                           replace="&lt;configuration name=&quot;DBName&quot; value=&quot;postgres&quot;/&gt;"/>
            <replaceregexp file="@{webinf}/conf/SAS/provisioning-configuration.xml" byline="true"
                           match="&lt;GridConfiguration propname=&quot;mysql-root-password&quot; propval=&quot;.*&quot;/&gt;"
                           replace="&lt;GridConfiguration propname=&quot;mysql-root-password&quot; propval=&quot;${db.root.password}&quot;/&gt;"/>
        </sequential>
    </macrodef>

    <macrodef name="unzipWebApps">
        <attribute name="dir"/>
        <sequential>
            <unzip src="@{dir}/ROOT.war" dest="@{dir}/ROOT"/>
            <convertToDev webinf="@{dir}/ROOT/WEB-INF"/>
            <if>
                <equals arg1="${build.grid.disable}" arg2="false"/>
                <then>
                    <unzip src="@{dir}/grid.war" dest="@{dir}/grid"/>
                    <convertToDev webinf="@{dir}/grid/WEB-INF"/>
                    <replaceregexp file="@{dir}/grid/WEB-INF/conf/configuration.properties" byline="true"
                                   match="app\.context=(.*)" replace="app.context=/grid"/>
                    <!-- TODO: need to add the servlet config in web.xml@ROOT so that db upgrade will work when applying generated sql file -->
                </then>
                <else>
                    <delete file="@{dir}/grid.war"/>
                </else>
            </if>
        </sequential>
    </macrodef>


    <target name="install">
        <!-- clean, download, unzip and update -->
        <delete dir="${proj.dir.install}"/>
        <unzip src="${project.root}/build/IDMPOD/output/idmpod.zip" dest="${proj.dir.install}"/>

        <replaceregexp file="${proj.dir.install}/AdventNet/Sas/bin/Reinit.sh" byline="true"
                       match="DBTYPE=MYSQL"
                       replace="DBTYPE=PGSQL"/>
        <replaceregexp file="${proj.dir.install}/AdventNet/Sas/bin/Reinit.sh" byline="true"
                       match="export PGUSER=changeit"
                       replace="export PGUSER=root"/>
        <replaceregexp file="${proj.dir.install}/AdventNet/Sas/bin/Reinit.sh" byline="true"
                       match="export PGPASSWORD=changeit"
                       replace="export PGPASSWORD=${db.root.password}"/>

        <unzipWebApps dir="${proj.dir.webapps}"/>
        <copy file="${project.root}/source/dev/sas.keystore" todir="${proj.dir.sas}/tomcat/conf" overwrite="true"/>
        <copy file="${project.root}/source/dev/server.xml" todir="${proj.dir.sas}/tomcat/conf" overwrite="true"/>
        <echo file="${proj.dir.sas}/bin/run_production_pre_start.sh" append="true"><![CDATA[JAVA_OPTS="$JAVA_OPTS -agentlib:jdwp=transport=dt_socket,server=y,suspend=n,address=5005"]]></echo>
        <echo file="${proj.dir.sas}/tomcat/webapps/ROOT/WEB-INF/conf/idmpod.properties" append="true"><![CDATA[azure.client_id=fcf0851e-4315-45c9-9ae3-f63cc75a471b${line.separator}azure.client_secret=JcBPjE4wS6LMwiOPcqB5wbKXLPXn+5JkSfaMgmPqa5o=${line.separator}gsuite.client_id=875070468410-guqrj4mbqi38th63ucpa4vlpsi8immos.apps.googleusercontent.com${line.separator}gsuite.project_id=primal-ivy-207809${line.separator}gsuite.client_secret=Zyw-hsx72FlDlCtwn-Y6KG8y${line.separator}]]></echo>
        <echo message="${proj.dir.install}/Adventnet/Sas/bin"/>
    </target>


</project>
