<?xml version="1.0" encoding="UTF-8"?>
<!DOCTYPE data-dictionary SYSTEM "data-dictionary.dtd">

<!--$Id$ -->
<data-dictionary name="idmpod">

  <table name="IdmpodAuditOperationTypes">
    <description>All operations that are being audited</description>
    <columns>
      <column name="OPERATION_TYPE_ID">
        <description>Unique identifier</description>
        <data-type>BIGINT</data-type>
        <uniquevalue-generation>
          <generator-name>IdmpodAuditOperationTypes.OPERATION_TYPE_ID</generator-name>
        </uniquevalue-generation>
      </column>
      <column name="OPERATION_NAME">
        <description>Name of the operation for log</description>
        <data-type>CHAR</data-type>
        <max-size>256</max-size>
        <nullable>true</nullable>
        <unique>true</unique>
      </column>
      <column name="OPERATION_DISPLAY_NAME">
        <description>Name of the operation for display -- I18N keys only</description>
        <data-type>CHAR</data-type>
        <max-size>256</max-size>
        <nullable>true</nullable>
      </column>
      <column name="HIDDEN_OPERATION">
        <description>Operations not shown to user</description>
        <data-type>BOOLEAN</data-type>
        <nullable>true</nullable>
      </column>
    </columns>
    <primary-key name="IdmpodAuditOperationTypes_PK">
      <primary-key-column>OPERATION_TYPE_ID</primary-key-column>
    </primary-key>
  </table>

  <table name="IdmpodApplicationAccessAudit">
    <description>Application access events</description>
    <columns>
      <column name="UNIQUE_ID">
        <description>Unique identifier</description>
        <data-type>BIGINT</data-type>
        <uniquevalue-generation>
          <generator-name>IdmpodApplicationAccessAudit.UNIQUE_ID</generator-name>
        </uniquevalue-generation>
      </column>
      <column name="TIMESTAMP">
        <description>When</description>
        <data-type>BIGINT</data-type>
        <nullable>false</nullable>
        <unique>false</unique>
      </column>
      <column name="USER_ID">
        <description>User</description>
        <data-type>BIGINT</data-type>
        <nullable>false</nullable>
        <unique>false</unique>
      </column>
      <column name="APPLICATION_ID">
        <description>App</description>
        <data-type>BIGINT</data-type>
        <nullable>false</nullable>
        <unique>false</unique>
      </column>
      <column name="RESULT_STATUS">
        <description>Success/Failure</description>
        <data-type>BOOLEAN</data-type>
        <nullable>true</nullable>
      </column>
      <column name="REMARKS">
        <description>Remarks on event; Reason for failure, etc</description>
        <data-type>CHAR</data-type>
        <max-size>256</max-size>
        <nullable>true</nullable>
        <unique>false</unique>
      </column>
      <column name="USER_AGENT_INFO">
        <description>User agent info - Browser/OS etc</description>
        <data-type>CHAR</data-type>
        <max-size>256</max-size>
        <nullable>true</nullable>
        <unique>false</unique>
      </column>
      <column name="CLIENT_IP">
        <description>Client ip or proxy ip</description>
        <data-type>CHAR</data-type>
        <max-size>50</max-size>
        <nullable>true</nullable>
        <unique>false</unique>
      </column>
      <column name="OPERATION_TYPE_ID">
        <description>optype id</description>
        <data-type>BIGINT</data-type>
        <nullable>false</nullable>
      </column>
    </columns>

    <primary-key name="IdmpodApplicationAccessAudit_PK">
      <primary-key-column>UNIQUE_ID</primary-key-column>
    </primary-key>
    <foreign-keys>
      <foreign-key name="IdmpodApplicationAccessAudit_FK1" reference-table-name="IdmpodAuditOperationTypes">
        <fk-columns>
          <fk-column>
            <fk-local-column>OPERATION_TYPE_ID</fk-local-column>
            <fk-reference-column>OPERATION_TYPE_ID</fk-reference-column>
          </fk-column>
        </fk-columns>
        <fk-constraints>ON-DELETE-CASCADE</fk-constraints>
      </foreign-key>
    </foreign-keys>
  </table>

  <table name="IdmpodClientAccessAudit">
    <description>Client access events</description>
    <columns>
      <column name="UNIQUE_ID">
        <description>Unique identifier</description>
        <data-type>BIGINT</data-type>
        <uniquevalue-generation>
          <generator-name>IdmpodClientAccessAudit.UNIQUE_ID</generator-name>
        </uniquevalue-generation>
      </column>
      <column name="TIMESTAMP">
        <description>When</description>
        <data-type>BIGINT</data-type>
        <nullable>false</nullable>
        <unique>false</unique>
      </column>
      <column name="USER_ID">
        <description>User</description>
        <data-type>BIGINT</data-type>
        <nullable>false</nullable>
        <unique>false</unique>
      </column>
      <column name="RESULT_STATUS">
        <description>Success/Failure</description>
        <data-type>BOOLEAN</data-type>
        <nullable>true</nullable>
      </column>
      <column name="REMARKS">
        <description>Remarks on event; Reason for failure, etc</description>
        <data-type>CHAR</data-type>
        <max-size>256</max-size>
        <nullable>true</nullable>
        <unique>false</unique>
      </column>
      <column name="USER_AGENT_INFO">
        <description>User agent info - Browser/OS etc</description>
        <data-type>CHAR</data-type>
        <max-size>256</max-size>
        <nullable>true</nullable>
        <unique>false</unique>
      </column>
      <column name="CLIENT_IP">
        <description>Client ip or proxy ip</description>
        <data-type>CHAR</data-type>
        <max-size>50</max-size>
        <nullable>true</nullable>
        <unique>false</unique>
      </column>
      <column name="OPERATION_TYPE_ID">
        <description>optype id</description>
        <data-type>BIGINT</data-type>
        <nullable>false</nullable>
      </column>
    </columns>

    <primary-key name="IdmpodClientAccessAudit_PK">
      <primary-key-column>UNIQUE_ID</primary-key-column>
    </primary-key>
    <foreign-keys>
      <foreign-key name="IdmpodClientAccessAudit_FK1" reference-table-name="IdmpodAuditOperationTypes">
        <fk-columns>
          <fk-column>
            <fk-local-column>OPERATION_TYPE_ID</fk-local-column>
            <fk-reference-column>OPERATION_TYPE_ID</fk-reference-column>
          </fk-column>
        </fk-columns>
        <fk-constraints>ON-DELETE-CASCADE</fk-constraints>
      </foreign-key>
    </foreign-keys>
  </table>

  <table name="IdmpodGeneralAdminAuditLogs">
    <description>General Admin Audit logs</description>
    <columns>
      <column name="UNIQUE_ID">
        <description>Unique identifier</description>
        <data-type>BIGINT</data-type>
        <uniquevalue-generation>
          <generator-name>IdmpodGeneralAdminAuditLogs.UNIQUE_ID</generator-name>
        </uniquevalue-generation>
      </column>
      <column name="TIMESTAMP">
        <description>When</description>
        <data-type>BIGINT</data-type>
        <nullable>false</nullable>
        <unique>false</unique>
      </column>
      <column name="USER_ID">
        <description>User</description>
        <data-type>BIGINT</data-type>
        <nullable>false</nullable>
        <unique>false</unique>
      </column>
      <column name="SUBJECT_ID">
        <description>subject id</description>
        <data-type>BIGINT</data-type>
        <nullable>true</nullable>
        <unique>false</unique>
      </column>
      <column name="SUBJECT_TYPE">
        <description>subject type(relevant model name)</description>
        <data-type>CHAR</data-type>
        <nullable>false</nullable>
        <unique>false</unique>
      </column>
      <column name="SUBJECT_ATTRIBUTES">
        <description>subject attributes(for creation and modification)</description>
        <data-type>BLOB</data-type>
      </column>
      <column name="RESULT_STATUS">
        <description>Success/Failure</description>
        <data-type>BOOLEAN</data-type>
        <nullable>true</nullable>
      </column>
      <column name="REMARKS">
        <description>Remarks on event; Reason for failure, etc</description>
        <data-type>BLOB</data-type>
      </column>
      <column name="USER_AGENT_INFO">
        <description>User agent info - Browser/OS etc</description>
        <data-type>CHAR</data-type>
        <max-size>256</max-size>
        <nullable>true</nullable>
        <unique>false</unique>
      </column>
      <column name="CLIENT_IP">
        <description>Client ip or proxy ip</description>
        <data-type>CHAR</data-type>
        <max-size>50</max-size>
        <nullable>true</nullable>
        <unique>false</unique>
      </column>
      <column name="OPERATION_TYPE_ID">
        <description>optype id</description>
        <data-type>BIGINT</data-type>
        <nullable>false</nullable>
      </column>
    </columns>
    <primary-key name="IdmpodGeneralAdminAuditLogs_PK">
      <primary-key-column>UNIQUE_ID</primary-key-column>
    </primary-key>
    <foreign-keys>
      <foreign-key name="IdmpodGeneralAdminAuditLogs_FK1" reference-table-name="IdmpodAuditOperationTypes">
        <fk-columns>
          <fk-column>
            <fk-local-column>OPERATION_TYPE_ID</fk-local-column>
            <fk-reference-column>OPERATION_TYPE_ID</fk-reference-column>
          </fk-column>
        </fk-columns>
        <fk-constraints>ON-DELETE-CASCADE</fk-constraints>
      </foreign-key>
    </foreign-keys>
  </table>

  <table name="IdmpodAuditPreferences">
    <description>This entity have key-value pair</description>
    <columns>
      <column name="ID">
        <data-type>BIGINT</data-type>
        <unique>true</unique>
        <uniquevalue-generation>
          <generator-name>IdmpodAuditPreferences.ID</generator-name>
        </uniquevalue-generation>
      </column>
      <column name="KEY">
        <description>Unique Key; For country specific ip logging format: LOG_IP_IN</description>
        <data-type>CHAR</data-type>
        <max-size>30</max-size>
        <nullable>false</nullable>
      </column>
      <column name="VALUE">
        <description>Value for the give key; For country specific ip logging format: DISALLOW</description>
        <data-type>CHAR</data-type>
        <max-size>128</max-size>
        <nullable>false</nullable>
      </column>
    </columns>
    <primary-key name="IdmpodAuditPreferences_PK">
      <primary-key-column>ID</primary-key-column>
    </primary-key>
    <unique-keys>
      <unique-key name="IdmpodAuditPreferences_UK">
        <unique-key-column>KEY</unique-key-column>
      </unique-key>
    </unique-keys>
  </table>

</data-dictionary>
