<?xml version="1.0" encoding="UTF-8"?>
<!DOCTYPE data-dictionary SYSTEM "data-dictionary.dtd">

<!--$Id$ -->
<data-dictionary name="idmpod">

  <table name="IdmpodOrg">
    <description>Organization entity</description>
    <columns>
      <column name="ORG_ID">
        <description>Unique identifier</description>
        <data-type>BIGINT</data-type>
        <uniquevalue-generation>
          <generator-name>IdmpodOrg.ORG_ID</generator-name>
        </uniquevalue-generation>
      </column>
      <column name="ZOID">
        <description>Identifier of Organization in IAM</description>
        <data-type>BIGINT</data-type>
        <max-size>19</max-size>
      </column>
      <column name="NAME">
        <description>Name of the Organization</description>
        <data-type>CHAR</data-type>
        <max-size>100</max-size>
        <nullable>false</nullable>
        <unique>true</unique>
      </column>
      <column name="CREATEDTIME">
        <description>Organization added / created time</description>
        <data-type>BIGINT</data-type>
        <nullable>false</nullable>
      </column>
      <column name="DESCRIPTION">
        <description>Description about the Organization</description>
        <data-type>CHAR</data-type>
        <max-size>250</max-size>
        <default-value>No Description</default-value>
      </column>

      <column name="ZAID">
        <description>Identifier Org in IAM</description>
        <data-type>CHAR</data-type>
        <max-size>255</max-size>
      </column>
      <column name="ZAAID">
        <description>Identifier of App Account in IAM</description>
        <data-type>CHAR</data-type>
        <max-size>255</max-size>
      </column>
    </columns>
    <primary-key name="IdmpodOrg_PK">
      <primary-key-column>ORG_ID</primary-key-column>
    </primary-key>
  </table>

  <table name="IdmpodUser">
    <columns>
      <column name="USER_ID">
        <data-type>BIGINT</data-type>
        <unique>true</unique>
        <uniquevalue-generation>
          <generator-name>IdmpodUser.USER_ID</generator-name>
        </uniquevalue-generation>
      </column>
      <column name="ZUID">
        <data-type>BIGINT</data-type>
        <max-size>19</max-size>
      </column>
      <column name="USER_NAME">
        <data-type>CHAR</data-type>
        <max-size>
          100
        </max-size>
      </column>
      <column name="CUSTOMERID">
        <description>Identifier of Customer/Company</description>
        <data-type>BIGINT</data-type>
        <nullable>true</nullable>
      </column>
      <column name="EMAIL_ID">
        <data-type>CHAR</data-type>
        <max-size>255</max-size>
        <nullable>false</nullable>
      </column>
      <column name="STATUS">
        <description>This requires to show/hide secret type</description>
        <data-type>BOOLEAN</data-type>
        <default-value>true</default-value>
        <nullable>false</nullable>
      </column>
    </columns>
    <primary-key name="IdmpodUser_PK">
      <primary-key-column>USER_ID</primary-key-column>
    </primary-key>
    <foreign-keys>

      <foreign-key name="IdmpodUser_FK1" reference-table-name="IdmpodOrg" isbidirectional="false">
        <fk-columns>
          <fk-column>
            <fk-local-column>CUSTOMERID</fk-local-column>
            <fk-reference-column>ORG_ID</fk-reference-column>
          </fk-column>
        </fk-columns>
        <fk-constraints>ON-DELETE-CASCADE</fk-constraints>
      </foreign-key>
    </foreign-keys>
  </table>

  <table name="IdmpodOrgUserMapping">
    <description>This entity maps the user to Organization to which they belong</description>
    <columns>
      <column name="ORG_ID">
        <description>Identifier of Idmpod Organization</description>
        <data-type>BIGINT</data-type>
        <nullable>false</nullable>
      </column>
      <column name="USER_ID">
        <description>Identifier of Idmpod User</description>
        <data-type>BIGINT</data-type>
        <nullable>false</nullable>
      </column>
      <column name="TYPE">
        <description>User role in Organization</description>
        <data-type>CHAR</data-type>
        <max-size>30</max-size>
        <default-value>CONSULTANT</default-value>
        <nullable>false</nullable>
      </column>
    </columns>
    <primary-key name="IdmpodOrgUserMapping_PK">
      <primary-key-column>ORG_ID</primary-key-column>
      <primary-key-column>USER_ID</primary-key-column>
    </primary-key>
    <foreign-keys>
      <foreign-key name="IdmpodOrgUserMapping_FK1" reference-table-name="IdmpodOrg" isbidirectional="false">
        <fk-columns>
          <fk-column>
            <fk-local-column>ORG_ID</fk-local-column>
            <fk-reference-column>ORG_ID</fk-reference-column>
          </fk-column>
        </fk-columns>
        <fk-constraints>ON-DELETE-CASCADE</fk-constraints>
      </foreign-key>
      <foreign-key name="IdmpodOrgUserMapping_FK2" reference-table-name="IdmpodUser" isbidirectional="false">
        <fk-columns>
          <fk-column>
            <fk-local-column>USER_ID</fk-local-column>
            <fk-reference-column>USER_ID</fk-reference-column>
          </fk-column>
        </fk-columns>
        <fk-constraints>ON-DELETE-CASCADE</fk-constraints>
      </foreign-key>
    </foreign-keys>
  </table>

  <table name="UsersPreferences">
    <description>This entity maps the users to multiple key-value pairs</description>
    <columns>
      <column name="ID">
        <data-type>BIGINT</data-type>
        <unique>true</unique>
        <uniquevalue-generation>
          <generator-name>UserPreference.ID</generator-name>
        </uniquevalue-generation>
      </column>
      <column name="USER_ID">
        <description>Identifier of Idmpod User</description>
        <data-type>BIGINT</data-type>
        <nullable>false</nullable>
      </column>
      <column name="KEY">
        <description>Unique Key for a given user</description>
        <data-type>CHAR</data-type>
        <max-size>30</max-size>
        <nullable>false</nullable>
      </column>
      <column name="VALUE">
        <description>Value for the give key</description>
        <data-type>CHAR</data-type>
        <max-size>128</max-size>
        <nullable>false</nullable>
      </column>
    </columns>
    <primary-key name="UsersPreference_PK">
      <primary-key-column>ID</primary-key-column>
    </primary-key>
    <unique-keys>
      <unique-key name="UsersPreference_UK">
        <unique-key-column>USER_ID</unique-key-column>
        <unique-key-column>KEY</unique-key-column>
      </unique-key>
    </unique-keys>
  </table>

  <table name="OrgPreferences">
    <description>This entity have multiple key-value pair for the current org scope</description>
    <columns>
      <column name="ID">
        <data-type>BIGINT</data-type>
        <unique>true</unique>
        <uniquevalue-generation>
          <generator-name>OrgPreferences.ID</generator-name>
        </uniquevalue-generation>
      </column>
      <column name="KEY">
        <description>Unique Key</description>
        <data-type>CHAR</data-type>
        <max-size>30</max-size>
        <nullable>false</nullable>
      </column>
      <column name="VALUE">
        <description>Value for the give key</description>
        <data-type>CHAR</data-type>
        <max-size>128</max-size>
        <nullable>false</nullable>
      </column>
    </columns>
    <primary-key name="OrgPreferences_PK">
      <primary-key-column>ID</primary-key-column>
    </primary-key>
    <unique-keys>
      <unique-key name="OrgPreferences_UK">
        <unique-key-column>KEY</unique-key-column>
      </unique-key>
    </unique-keys>
  </table>

  <!-- User Management tables - STARTS -->

  <table name="IdmpodInvitedUsers">
    <description>
      This entity contains the list of users who have been invited to access the service IdmpodCloud
    </description>
    <columns>
      <column name="ID">
        <data-type>BIGINT</data-type>
        <unique>true</unique>
        <uniquevalue-generation>
          <generator-name>IdmpodInvitedUsers.ID</generator-name>
        </uniquevalue-generation>
      </column>
      <column name="FIRST_NAME">
        <data-type>CHAR</data-type>
        <max-size>255</max-size>
      </column>
      <column name="LAST_NAME">
        <data-type>CHAR</data-type>
        <max-size>255</max-size>
      </column>
      <column name="EMAIL_ID">
        <data-type>CHAR</data-type>
        <max-size>255</max-size>
        <nullable>false</nullable>
      </column>
      <column name="ROLE">
        <data-type>CHAR</data-type>
        <max-size>255</max-size>
        <nullable>false</nullable>
      </column>
      <column name="STATUS">
        <data-type>CHAR</data-type>
        <max-size>255</max-size>
        <default-value>INVITED</default-value>
      </column>
      <column name="VIEW_RESOURCE">
        <data-type>CHAR</data-type>
        <max-size>1500</max-size>
      </column>
    </columns>
    <primary-key name="IdmpodInvitedUsers_PK">
      <primary-key-column>ID</primary-key-column>
    </primary-key>
  </table>

  <table name="IdmpodTechnician">
    <description>
      This entity contains the list of users who have been invited to access the service IdmpodCloud
    </description>
    <columns>
      <column name="USER_ID">
        <data-type>BIGINT</data-type>
        <unique>true</unique>
        <uniquevalue-generation>
          <generator-name>IdmpodTechnician.USER_ID</generator-name>
        </uniquevalue-generation>
      </column>
      <column name="ZUID">
        <data-type>BIGINT</data-type>
        <max-size>19</max-size>
      </column>
      <column name="FIRST_NAME">
        <data-type>CHAR</data-type>
        <max-size>255</max-size>
      </column>
      <column name="LAST_NAME">
        <data-type>CHAR</data-type>
        <max-size>255</max-size>
      </column>
      <column name="EMAIL_ID">
        <data-type>CHAR</data-type>
        <max-size>255</max-size>
        <nullable>false</nullable>
      </column>
      <column name="ROLE">
        <data-type>CHAR</data-type>
        <max-size>255</max-size>
        <nullable>false</nullable>
      </column>
      <column name="ORG_ROLE">
        <data-type>INTEGER</data-type>
        <nullable>false</nullable>
      </column>
      <column name="STATUS">
        <data-type>CHAR</data-type>
        <max-size>255</max-size>
        <default-value>ACTIVE</default-value>
      </column>
    </columns>
    <primary-key name="IdmpodTechnician_PK">
      <primary-key-column>USER_ID</primary-key-column>
    </primary-key>
  </table>

  <table name="IdmpodUserResourceView">
    <description>
      This entity contains the user created views and device details
    </description>
    <columns>
      <column name="VIEW_ID">
        <data-type>BIGINT</data-type>
        <uniquevalue-generation>
          <generator-name>IdmpodUserResourceView.VIEW_ID</generator-name>
        </uniquevalue-generation>
      </column>
      <column name="USER_ID">
        <data-type>BIGINT</data-type>
        <unique>true</unique>
      </column>
      <column name="VIEW_RESOURCE">
        <data-type>CHAR</data-type>
        <max-size>1500</max-size>
        <nullable>false</nullable>
      </column>
    </columns>
    <primary-key name="IdmpodUserResourceView_PK">
      <primary-key-column>VIEW_ID</primary-key-column>
    </primary-key>
  </table>

  <!-- User Management tables - ENDS -->

  <table name="IdmpodSubscriptions">
    <description>
      It holds necessary information related to subscription
    </description>
    <columns>
      <column name="SUBS_ID">
        <data-type>BIGINT</data-type>
        <unique>true</unique>
        <uniquevalue-generation>
          <generator-name>Subscriptions.SUBS_ID</generator-name>
        </uniquevalue-generation>
      </column>
      <column name="ZID">
        <data-type>BIGINT</data-type>
        <nullable>false</nullable>
      </column>
      <column name="PLANNAME">
        <data-type>CHAR</data-type>
        <max-size>128</max-size>
        <nullable>false</nullable>
      </column>
      <column name="PLANID">
        <data-type>BIGINT</data-type>
        <nullable>false</nullable>
      </column>
      <column name="PLANTYPE">
        <description>Licensing Plan type - FREE, TRIAL, REGISTERED</description>
        <data-type>CHAR</data-type>
        <max-size>50</max-size>
        <nullable>false</nullable>
      </column>
      <column name="PROFILEID">
        <data-type>CHAR</data-type>
        <max-size>150</max-size>
        <nullable>false</nullable>
        <unique>true</unique>
      </column>
      <column name="EXPIRYTIME">
        <data-type>BIGINT</data-type>
        <nullable>false</nullable>
      </column>
      <column name="NO_OF_USERS">
        <data-type>BIGINT</data-type>
        <nullable>false</nullable>
      </column>
      <column name="PAYMENTOWNER">
        <description>ZUID of payment owner</description>
        <data-type>CHAR</data-type>
        <max-size>100</max-size>
      </column>
    </columns>
    <primary-key name="IdmpodSubscriptions_PK">
      <primary-key-column>SUBS_ID</primary-key-column>
    </primary-key>
  </table>

  <table name="IdmpodJsonApiMapping">
    <description>
      It holds information regarding all json apis
    </description>
    <columns>
      <column name="JSON_API_ID">
        <data-type>BIGINT</data-type>
        <unique>true</unique>
        <uniquevalue-generation>
          <generator-name>IdmpodJsonApiMapping.SUBS_ID</generator-name>
        </uniquevalue-generation>
      </column>
      <column name="URL_PATH">
        <data-type>CHAR</data-type>
        <max-size>500</max-size>
        <nullable>false</nullable>
      </column>
      <column name="HTTP_METHOD">
        <data-type>CHAR</data-type>
        <max-size>20</max-size>
        <nullable>false</nullable>
      </column>
      <column name="CLASS_NAME">
        <data-type>CHAR</data-type>
        <max-size>200</max-size>
        <nullable>false</nullable>
      </column>
      <column name="METHOD_NAME">
        <data-type>CHAR</data-type>
        <max-size>200</max-size>
        <nullable>false</nullable>
      </column>
      <column name="AA_MEMBER_ROLE">
        <data-type>CHAR</data-type>
        <max-size>200</max-size>
        <nullable>true</nullable>
      </column>
    </columns>
    <primary-key name="IdmpodJsonApiMapping_PK">
      <primary-key-column>JSON_API_ID</primary-key-column>
    </primary-key>
  </table>

  <table name="IdmpodApiParameters">
    <description>
      It holds information regarding all parameters
    </description>
    <columns>
      <column name="API_PARAM_ID">
        <data-type>BIGINT</data-type>
        <unique>true</unique>
        <uniquevalue-generation>
          <generator-name>IdmpodApiParameters.API_PARAM_ID</generator-name>
        </uniquevalue-generation>
      </column>
      <column name="NAME">
        <data-type>CHAR</data-type>
        <max-size>100</max-size>
        <nullable>false</nullable>
      </column>
      <column name="DATATYPE">
        <data-type>CHAR</data-type>
        <max-size>20</max-size>
        <nullable>true</nullable>
      </column>
      <column name="REQUIRED">
        <data-type>BOOLEAN</data-type>
        <nullable>true</nullable>
      </column>
    </columns>
    <primary-key name="IdmpodApiParameters_PK">
      <primary-key-column>API_PARAM_ID</primary-key-column>
    </primary-key>
  </table>

  <table name="IdmpodDirectoryTypes">
    <description>
      Stores info about configured directories
    </description>
    <columns>
      <column name="DIRECTORY_TYPE_ID">
        <data-type>BIGINT</data-type>
        <unique>true</unique>
        <uniquevalue-generation>
          <generator-name>IdmpodDirectoryTypes.DIRECTORY_TYPE_ID</generator-name>
        </uniquevalue-generation>
      </column>
      <column name="TYPE_DISPLAY_NAME">
        <data-type>CHAR</data-type>
        <max-size>200</max-size>
      </column>
      <column name="CREATION_PATH">
        <data-type>CHAR</data-type>
        <max-size>200</max-size>
      </column>
      <column name="MODIFICATION_PATH">
        <data-type>CHAR</data-type>
        <max-size>200</max-size>
      </column>
      <column name="SYNC_CONFIG_PATH">
        <data-type>CHAR</data-type>
        <max-size>200</max-size>
      </column>
      <column name="LOGO_CLASS">
        <data-type>CHAR</data-type>
        <max-size>200</max-size>
      </column>
      <column name="TYPE_HANDLER">
        <data-type>CHAR</data-type>
        <max-size>200</max-size>
      </column>
    </columns>
    <primary-key name="IdmpodDirectoryTypes_PK">
      <primary-key-column>DIRECTORY_TYPE_ID</primary-key-column>
    </primary-key>
  </table>

  <table name="IdmpodDirectories">
    <description>
      Stores info about configured directories
    </description>
    <columns>
      <column name="DIRECTORY_ID">
        <data-type>BIGINT</data-type>
        <unique>true</unique>
        <uniquevalue-generation>
          <generator-name>IdmpodDirectories.DIRECTORY_ID</generator-name>
        </uniquevalue-generation>
      </column>
      <column name="DIRECTORY_NAME">
        <data-type>CHAR</data-type>
        <max-size>200</max-size>
      </column>
      <column name="DIRECTORY_TYPE_ID">
        <data-type>BIGINT</data-type>
      </column>
      <column name="LAST_SYNC_TIME">
        <data-type>BIGINT</data-type>
      </column>
      <column name="LAST_SYNC_STATUS">
        <data-type>CHAR</data-type>
        <max-size>200</max-size>
      </column>
    </columns>
    <primary-key name="IdmpodDirectories_PK">
      <primary-key-column>DIRECTORY_ID</primary-key-column>
    </primary-key>
    <foreign-keys>
      <foreign-key name="IdmpodDirectories_FK1" reference-table-name="IdmpodDirectoryTypes">
        <fk-columns>
          <fk-column>
            <fk-local-column>DIRECTORY_TYPE_ID</fk-local-column>
            <fk-reference-column>DIRECTORY_TYPE_ID</fk-reference-column>
          </fk-column>
        </fk-columns>
        <fk-constraints>ON-DELETE-CASCADE</fk-constraints>
      </foreign-key>
    </foreign-keys>
  </table>

  <table name="IdmpodDirectoryParams">
    <description>
      Stores info about configured directories
    </description>
    <columns>
      <column name="UNIQUE_ID">
        <data-type>BIGINT</data-type>
        <unique>true</unique>
        <uniquevalue-generation>
          <generator-name>IdmpodDirectoryParams.UNIQUE_ID</generator-name>
        </uniquevalue-generation>
      </column>
      <column name="DIRECTORY_ID">
        <data-type>BIGINT</data-type>
      </column>
      <column name="PARAM_NAME">
        <data-type>CHAR</data-type>
        <max-size>200</max-size>
      </column>
      <column name="ENCRYPTED_PARAM_VALUE">
        <data-type>CTEXT_OEK</data-type>
        <max-size>2000</max-size>
      </column>
    </columns>
    <primary-key name="IdmpodDirectoryParams_PK">
      <primary-key-column>UNIQUE_ID</primary-key-column>
    </primary-key>
    <foreign-keys>
      <foreign-key name="IdmpodDirectoryParams_FK1" reference-table-name="IdmpodDirectories">
        <fk-columns>
          <fk-column>
            <fk-local-column>DIRECTORY_ID</fk-local-column>
            <fk-reference-column>DIRECTORY_ID</fk-reference-column>
          </fk-column>
        </fk-columns>
        <fk-constraints>ON-DELETE-CASCADE</fk-constraints>
      </foreign-key>
    </foreign-keys>
  </table>

  <table name="IdmpodDirectoryNodes">
    <columns>
      <column name="NODE_ID">
        <data-type>BIGINT</data-type>
        <uniquevalue-generation>
          <generator-name>IdmpodDirectoryNodes.NODE_ID</generator-name>
        </uniquevalue-generation>
      </column>
      <column name="DIRECTORY_ID">
        <data-type>BIGINT</data-type>
      </column>
      <column name="NODE_DISPLAY_NAME">
        <data-type>CHAR</data-type>
        <max-size>200</max-size>
      </column>
      <column name="PARENT_NODE">
        <data-type>BIGINT</data-type>
      </column>
      <column name="NODE_IDENTIFIER">
        <data-type>CHAR</data-type>
        <max-size>200</max-size>
      </column>
      <column name="SYNC_ENABLED">
        <data-type>BOOLEAN</data-type>
        <default-value>false</default-value>
      </column>
    </columns>
    <primary-key name="IdmpodDirectoryNodes_PK">
      <primary-key-column>NODE_ID</primary-key-column>
    </primary-key>
    <foreign-keys>
      <foreign-key name="IdmpodDirectoryNodes_FK1" reference-table-name="IdmpodDirectories">
        <fk-columns>
          <fk-column>
            <fk-local-column>DIRECTORY_ID</fk-local-column>
            <fk-reference-column>DIRECTORY_ID</fk-reference-column>
          </fk-column>
        </fk-columns>
        <fk-constraints>ON-DELETE-CASCADE</fk-constraints>
      </foreign-key>
    </foreign-keys>
  </table>

  <table name="IdmpodDirectoryJobs">
    <columns>
      <column name="JOB_ID">
        <data-type>BIGINT</data-type>
        <uniquevalue-generation>
          <generator-name>IdmpodDirectoryJobs.JOB_ID</generator-name>
        </uniquevalue-generation>
      </column>
      <column name="DIRECTORY_ID">
        <data-type>BIGINT</data-type>
      </column>
      <column name="SYNC_TYPE">
        <data-type>BIGINT</data-type>
      </column>
      <column name="JOB_TYPE">
        <data-type>BIGINT</data-type>
      </column>
    </columns>
    <primary-key name="IdmpodDirectoryJobs_PK">
      <primary-key-column>JOB_ID</primary-key-column>
    </primary-key>
    <foreign-keys>
      <foreign-key name="IdmpodDirectoryJobs_FK1" reference-table-name="IdmpodDirectories">
        <fk-columns>
          <fk-column>
            <fk-local-column>DIRECTORY_ID</fk-local-column>
            <fk-reference-column>DIRECTORY_ID</fk-reference-column>
          </fk-column>
        </fk-columns>
        <fk-constraints>ON-DELETE-CASCADE</fk-constraints>
      </foreign-key>
    </foreign-keys>
  </table>

  <table name="IdmpodDirectorySyncDetails">
    <columns>
      <column name="SYNC_ID">
        <data-type>BIGINT</data-type>
        <uniquevalue-generation>
          <generator-name>IdmpodDirectorySyncDetails.SYNC_ID</generator-name>
        </uniquevalue-generation>
      </column>
      <column name="JOB_ID">
        <data-type>BIGINT</data-type>
      </column>
      <column name="DIRECTORY_ID">
        <data-type>BIGINT</data-type>
      </column>
      <column name="SYNC_STATUS">
        <data-type>BIGINT</data-type>
      </column>
      <column name="SYNC_START_TIME">
        <data-type>BIGINT</data-type>
      </column>
      <column name="SYNC_END_TIME">
        <data-type>BIGINT</data-type>
      </column>
      <column name="SYNC_TYPE">
        <data-type>BIGINT</data-type>
      </column>
    </columns>
    <primary-key name="IdmpodDirectorySyncDetails_PK">
      <primary-key-column>SYNC_ID</primary-key-column>
    </primary-key>
    <foreign-keys>
      <foreign-key name="IdmpodDirectorySyncDetails_FK1" reference-table-name="IdmpodDirectories">
        <fk-columns>
          <fk-column>
            <fk-local-column>DIRECTORY_ID</fk-local-column>
            <fk-reference-column>DIRECTORY_ID</fk-reference-column>
          </fk-column>
        </fk-columns>
        <fk-constraints>ON-DELETE-CASCADE</fk-constraints>
      </foreign-key>
      <foreign-key name="IdmpodDirectorySyncDetails_FK2" reference-table-name="IdmpodDirectoryJobs">
        <fk-columns>
          <fk-column>
            <fk-local-column>JOB_ID</fk-local-column>
            <fk-reference-column>JOB_ID</fk-reference-column>
          </fk-column>
        </fk-columns>
        <fk-constraints>ON-DELETE-CASCADE</fk-constraints>
      </foreign-key>
    </foreign-keys>
  </table>

  <table name="IdmpodSynchedNodes">
    <columns>
      <column name="SYNCED_NODE_ID">
        <data-type>BIGINT</data-type>
        <uniquevalue-generation>
          <generator-name>IdmpodSynchedNodes.SYNCED_NODE_ID</generator-name>
        </uniquevalue-generation>
      </column>
      <column name="DIRECTORY_ID">
        <data-type>BIGINT</data-type>
      </column>
      <column name="SYNC_ID">
        <data-type>BIGINT</data-type>
      </column>
      <column name="NODE_ID">
        <data-type>BIGINT</data-type>
      </column>
    </columns>
    <primary-key name="IdmpodSynchedNodes_PK">
      <primary-key-column>SYNCED_NODE_ID</primary-key-column>
    </primary-key>
    <foreign-keys>
      <foreign-key name="IdmpodSynchedNodes_FK1" reference-table-name="IdmpodDirectories">
        <fk-columns>
          <fk-column>
            <fk-local-column>DIRECTORY_ID</fk-local-column>
            <fk-reference-column>DIRECTORY_ID</fk-reference-column>
          </fk-column>
        </fk-columns>
        <fk-constraints>ON-DELETE-CASCADE</fk-constraints>
      </foreign-key>
      <foreign-key name="IdmpodSynchedNodes_FK2" reference-table-name="IdmpodDirectorySyncDetails">
        <fk-columns>
          <fk-column>
            <fk-local-column>SYNC_ID</fk-local-column>
            <fk-reference-column>SYNC_ID</fk-reference-column>
          </fk-column>
        </fk-columns>
        <fk-constraints>ON-DELETE-CASCADE</fk-constraints>
      </foreign-key>
      <foreign-key name="IdmpodSynchedNodes_FK3" reference-table-name="IdmpodDirectoryNodes">
        <fk-columns>
          <fk-column>
            <fk-local-column>NODE_ID</fk-local-column>
            <fk-reference-column>NODE_ID</fk-reference-column>
          </fk-column>
        </fk-columns>
        <fk-constraints>ON-DELETE-CASCADE</fk-constraints>
      </foreign-key>
    </foreign-keys>
  </table>

  <table name="IdmpodSynchedUsers">
    <columns>
      <column name="SYNCED_USER_ID">
        <data-type>BIGINT</data-type>
        <uniquevalue-generation>
          <generator-name>IdmpodSynchedUsers.SYNCED_USER_ID</generator-name>
        </uniquevalue-generation>
      </column>
      <column name="DIRECTORY_ID">
        <data-type>BIGINT</data-type>
      </column>
      <column name="SYNC_ID">
        <data-type>BIGINT</data-type>
      </column>
      <column name="NODE_ID">
        <data-type>BIGINT</data-type>
      </column>
      <column name="USER_IDENTIFIER">
        <data-type>CHAR</data-type>
        <max-size>500</max-size>
      </column>
      <column name="DISTINGUISHED_NAME">
        <data-type>CHAR</data-type>
        <max-size>500</max-size>
      </column>
      <column name="ZUID">
        <data-type>BIGINT</data-type>
      </column>
      <column name="USER_EMAIL">
        <data-type>CHAR</data-type>
        <max-size>200</max-size>
      </column>
      <column name="USER_PRINCIPAL_NAME">
        <data-type>CHAR</data-type>
        <max-size>200</max-size>
      </column>
      <column name="USER_DISPLAY_NAME">
        <data-type>CHAR</data-type>
        <max-size>200</max-size>
      </column>
      <column name="FIRST_NAME">
        <data-type>CHAR</data-type>
        <max-size>200</max-size>
      </column>
      <column name="MIDDLE_NAME">
        <data-type>CHAR</data-type>
        <max-size>200</max-size>
      </column>
      <column name="LAST_NAME">
        <data-type>CHAR</data-type>
        <max-size>200</max-size>
      </column>
    </columns>
    <primary-key name="IdmpodSynchedUsers_PK">
      <primary-key-column>SYNCED_USER_ID</primary-key-column>
    </primary-key>
    <foreign-keys>
      <foreign-key name="IdmpodSynchedUsers_FK1" reference-table-name="IdmpodDirectories">
        <fk-columns>
          <fk-column>
            <fk-local-column>DIRECTORY_ID</fk-local-column>
            <fk-reference-column>DIRECTORY_ID</fk-reference-column>
          </fk-column>
        </fk-columns>
        <fk-constraints>ON-DELETE-CASCADE</fk-constraints>
      </foreign-key>
      <foreign-key name="IdmpodSynchedUsers_FK2" reference-table-name="IdmpodDirectorySyncDetails">
        <fk-columns>
          <fk-column>
            <fk-local-column>SYNC_ID</fk-local-column>
            <fk-reference-column>SYNC_ID</fk-reference-column>
          </fk-column>
        </fk-columns>
        <fk-constraints>ON-DELETE-CASCADE</fk-constraints>
      </foreign-key>
      <foreign-key name="IdmpodSynchedUsers_FK3" reference-table-name="IdmpodDirectoryNodes">
        <fk-columns>
          <fk-column>
            <fk-local-column>NODE_ID</fk-local-column>
            <fk-reference-column>NODE_ID</fk-reference-column>
          </fk-column>
        </fk-columns>
        <fk-constraints>ON-DELETE-CASCADE</fk-constraints>
      </foreign-key>
    </foreign-keys>
  </table>

  <table name="IdmpodSynchedGroups">
    <columns>
      <column name="SYNCED_GROUP_ID">
        <data-type>BIGINT</data-type>
        <uniquevalue-generation>
          <generator-name>IdmpodSynchedGroups.SYNCED_GROUP_ID</generator-name>
        </uniquevalue-generation>
      </column>
      <column name="DIRECTORY_ID">
        <data-type>BIGINT</data-type>
      </column>
      <column name="ZGID">
        <data-type>BIGINT</data-type>
      </column>
      <column name="GROUP_DISPLAY_NAME">
        <data-type>CHAR</data-type>
        <max-size>200</max-size>
      </column>
    </columns>
    <primary-key name="IdmpodSynchedGroups_PK">
      <primary-key-column>SYNCED_GROUP_ID</primary-key-column>
    </primary-key>
    <foreign-keys>
      <foreign-key name="IdmpodSynchedGroups_FK1" reference-table-name="IdmpodDirectories">
        <fk-columns>
          <fk-column>
            <fk-local-column>DIRECTORY_ID</fk-local-column>
            <fk-reference-column>DIRECTORY_ID</fk-reference-column>
          </fk-column>
        </fk-columns>
        <fk-constraints>ON-DELETE-CASCADE</fk-constraints>
      </foreign-key>
    </foreign-keys>
  </table>

  <table name="IdmpodSynchedGroupsVsUsers">
    <columns>
      <column name="UNIQUE_ID">
        <data-type>BIGINT</data-type>
        <uniquevalue-generation>
          <generator-name>IdmpodSynchedGroupsVsUsers.UNIQUE_ID</generator-name>
        </uniquevalue-generation>
      </column>
      <column name="SYNCED_GROUP_ID">
        <data-type>BIGINT</data-type>
      </column>
      <column name="SYNCED_USER_ID">
        <data-type>BIGINT</data-type>
      </column>
    </columns>
    <primary-key name="IdmpodSynchedGroupsVsUsers_PK">
      <primary-key-column>UNIQUE_ID</primary-key-column>
    </primary-key>
    <foreign-keys>
      <foreign-key name="IdmpodSynchedGroupsVsUsers_FK1" reference-table-name="IdmpodSynchedGroups">
        <fk-columns>
          <fk-column>
            <fk-local-column>SYNCED_GROUP_ID</fk-local-column>
            <fk-reference-column>SYNCED_GROUP_ID</fk-reference-column>
          </fk-column>
        </fk-columns>
        <fk-constraints>ON-DELETE-CASCADE</fk-constraints>
      </foreign-key>
      <foreign-key name="IdmpodSynchedGroupsVsUsers_FK2" reference-table-name="IdmpodSynchedUsers">
        <fk-columns>
          <fk-column>
            <fk-local-column>SYNCED_USER_ID</fk-local-column>
            <fk-reference-column>SYNCED_USER_ID</fk-reference-column>
          </fk-column>
        </fk-columns>
        <fk-constraints>ON-DELETE-CASCADE</fk-constraints>
      </foreign-key>
    </foreign-keys>
  </table>

  <table name="IdmpodJobsVsOrg">
    <columns>
      <column name="UNIQUE_ID">
        <data-type>BIGINT</data-type>
        <uniquevalue-generation>
          <generator-name>IdmpodJobsVsOrg.UNIQUE_ID</generator-name>
        </uniquevalue-generation>
      </column>
      <column name="JOB_ID">
        <data-type>BIGINT</data-type>
        <unique>true</unique>
      </column>
      <column name="ORG_ID">
        <data-type>BIGINT</data-type>
      </column>
    </columns>
    <primary-key name="IdmpodJobsVsOrg_PK">
      <primary-key-column>UNIQUE_ID</primary-key-column>
    </primary-key>
    <foreign-keys>
      <foreign-key name="IdmpodJobsVsOrg_FK1" reference-table-name="IdmpodOrg">
        <fk-columns>
          <fk-column>
            <fk-local-column>ORG_ID</fk-local-column>
            <fk-reference-column>ORG_ID</fk-reference-column>
          </fk-column>
        </fk-columns>
        <fk-constraints>ON-DELETE-CASCADE</fk-constraints>
      </foreign-key>
    </foreign-keys>
  </table>

  <table name="IdmpodGoogleDataStore">
    <columns>
      <column name="UNIQUE_ID">
        <data-type>BIGINT</data-type>
        <uniquevalue-generation>
          <generator-name>IdmpodGoogleDataStore.UNIQUE_ID</generator-name>
        </uniquevalue-generation>
      </column>
      <column name="ENCRYPTED_CODE">
        <data-type>CTEXT_OEK</data-type>
        <max-size>500</max-size>
      </column>
      <column name="STATUS">
        <data-type>CHAR</data-type>
        <max-size>500</max-size>
      </column>
      <column name="DATA">
        <data-type>BLOB</data-type>
      </column>
    </columns>
    <primary-key name="IdmpodGoogleDataStore_PK">
      <primary-key-column>UNIQUE_ID</primary-key-column>
    </primary-key>
  </table>

  <table name="IdmpodAzureDataStore">
    <columns>
      <column name="UNIQUE_ID">
        <data-type>BIGINT</data-type>
        <uniquevalue-generation>
          <generator-name>IdmpodAzureDataStore.UNIQUE_ID</generator-name>
        </uniquevalue-generation>
      </column>
      <column name="ENCRYPTED_CODE">
        <data-type>CTEXT_OEK</data-type>
        <max-size>3000</max-size>
      </column>
      <column name="STATUS">
        <data-type>CHAR</data-type>
        <max-size>500</max-size>
      </column>
    </columns>
    <primary-key name="IdmpodAzureDataStore_PK">
      <primary-key-column>UNIQUE_ID</primary-key-column>
    </primary-key>
  </table>

  <table name="IdmpodCommonJobs">
    <columns>
      <column name="JOB_ID">
        <data-type>BIGINT</data-type>
        <uniquevalue-generation>
          <generator-name>IdmpodCommonJobs.JOB_ID</generator-name>
        </uniquevalue-generation>
      </column>
      <column name="REPETITION_NAME">
        <data-type>CHAR</data-type>
        <max-size>500</max-size>
      </column>
      <column name="CLASS_NAME">
        <data-type>CHAR</data-type>
        <max-size>500</max-size>
      </column>
    </columns>
    <primary-key name="IdmpodCommonJobs_PK">
      <primary-key-column>JOB_ID</primary-key-column>
    </primary-key>
  </table>

</data-dictionary>
