<?xml version="1.0" encoding="iso-8859-1"?>
<AuditOperationTypes>
  <IdmpodAuditOperationTypes OPERATION_TYPE_ID="IdmpodAuditOperationTypes:OPERATION_TYPE_ID:ACCESS_APPLICATION" OPERATION_NAME="AccessApplication" OPERATION_DISPLAY_NAME="idmpod.reports.audit.op_display_name.access_application"/>
  <IdmpodAuditOperationTypes OPERATION_TYPE_ID="IdmpodAuditOperationTypes:OPERATION_TYPE_ID:LOGOUT_FROM_APPLICATION" OPERATION_NAME="LogoutFromApplication" OPERATION_DISPLAY_NAME="idmpod.reports.audit.op_display_name.logout_from_application"/>

  <IdmpodAuditOperationTypes OPERATION_TYPE_ID="IdmpodAuditOperationTypes:OPERATION_TYPE_ID:ASSIGN_SAML_APPS_TO_USER" OPERATION_NAME="AssignSamlAppsToUser" OPERATION_DISPLAY_NAME="idmpod.reports.audit.op_display_name.assign_saml_apps_to_user"/>
  <IdmpodAuditOperationTypes OPERATION_TYPE_ID="IdmpodAuditOperationTypes:OPERATION_TYPE_ID:UPDATE_USER" OPERATION_NAME="UpdateUser" OPERATION_DISPLAY_NAME="idmpod.reports.audit.op_display_name.update_user"/>
  <IdmpodAuditOperationTypes OPERATION_TYPE_ID="IdmpodAuditOperationTypes:OPERATION_TYPE_ID:DELETE_USER" OPERATION_NAME="DeleteUser" OPERATION_DISPLAY_NAME="idmpod.reports.audit.op_display_name.delete_user"/>
  <IdmpodAuditOperationTypes OPERATION_TYPE_ID="IdmpodAuditOperationTypes:OPERATION_TYPE_ID:DELETE_INVITATIONS" OPERATION_NAME="DeleteInvitations" OPERATION_DISPLAY_NAME="idmpod.reports.audit.op_display_name.delete_invitations"/>
  <IdmpodAuditOperationTypes OPERATION_TYPE_ID="IdmpodAuditOperationTypes:OPERATION_TYPE_ID:ADD_SAML_APP" OPERATION_NAME="AddSamlApp" OPERATION_DISPLAY_NAME="idmpod.reports.audit.op_display_name.add_saml_app"/>
  <IdmpodAuditOperationTypes OPERATION_TYPE_ID="IdmpodAuditOperationTypes:OPERATION_TYPE_ID:UPDATE_SAML_APP" OPERATION_NAME="UpdateSamlApp" OPERATION_DISPLAY_NAME="idmpod.reports.audit.op_display_name.update_saml_app"/>
  <IdmpodAuditOperationTypes OPERATION_TYPE_ID="IdmpodAuditOperationTypes:OPERATION_TYPE_ID:DELETE_SAML_APP" OPERATION_NAME="DeleteSamlApp" OPERATION_DISPLAY_NAME="idmpod.reports.audit.op_display_name.delete_saml_app"/>
  <IdmpodAuditOperationTypes OPERATION_TYPE_ID="IdmpodAuditOperationTypes:OPERATION_TYPE_ID:ASSIGN_USERS_TO_SAML_APP" OPERATION_NAME="AssignUsersToSamlApp" OPERATION_DISPLAY_NAME="idmpod.reports.audit.op_display_name.assign_users_to_saml_app"/>
  <IdmpodAuditOperationTypes OPERATION_TYPE_ID="IdmpodAuditOperationTypes:OPERATION_TYPE_ID:REMOVE_USERS_FROM_SAML_APP" OPERATION_NAME="RemoveUsersFromSamlApp" OPERATION_DISPLAY_NAME="idmpod.reports.audit.op_display_name.remove_users_from_saml_app"/>
  <IdmpodAuditOperationTypes OPERATION_TYPE_ID="IdmpodAuditOperationTypes:OPERATION_TYPE_ID:ADD_DIRECTORY" OPERATION_NAME="AddDirectory" OPERATION_DISPLAY_NAME="idmpod.reports.audit.op_display_name.add_directory"/>
  <IdmpodAuditOperationTypes OPERATION_TYPE_ID="IdmpodAuditOperationTypes:OPERATION_TYPE_ID:UPDATE_DIRECTORY" OPERATION_NAME="UpdateDirectory" OPERATION_DISPLAY_NAME="idmpod.reports.audit.op_display_name.update_directory"/>
  <IdmpodAuditOperationTypes OPERATION_TYPE_ID="IdmpodAuditOperationTypes:OPERATION_TYPE_ID:DELETE_DIRECTORY" OPERATION_NAME="DeleteDirectory" OPERATION_DISPLAY_NAME="idmpod.reports.audit.op_display_name.delete_directory"/>
  <IdmpodAuditOperationTypes OPERATION_TYPE_ID="IdmpodAuditOperationTypes:OPERATION_TYPE_ID:IMPORT_DIRECTORY_USERS" OPERATION_NAME="ImportDirectoryUsers" OPERATION_DISPLAY_NAME="idmpod.reports.audit.op_display_name.import_directory_users"/>
  <IdmpodAuditOperationTypes OPERATION_TYPE_ID="IdmpodAuditOperationTypes:OPERATION_TYPE_ID:ADD_USERS_TO_DIRECTORY" OPERATION_NAME="AddUsersToDirectory" OPERATION_DISPLAY_NAME="idmpod.reports.audit.op_display_name.add_users_to_directory"/>
  <IdmpodAuditOperationTypes OPERATION_TYPE_ID="IdmpodAuditOperationTypes:OPERATION_TYPE_ID:UPDATE_ORGANIZATIONAL_UNIT" OPERATION_NAME="UpdateOrganizationalUnit" OPERATION_DISPLAY_NAME="idmpod.reports.audit.op_display_name.update_organizational_unit" HIDDEN_OPERATION="true"/>
  <IdmpodAuditOperationTypes OPERATION_TYPE_ID="IdmpodAuditOperationTypes:OPERATION_TYPE_ID:SETUP_DIRECTORY_SYNC" OPERATION_NAME="SetupDirectorySync" OPERATION_DISPLAY_NAME="idmpod.reports.audit.op_display_name.setup_directory_sync" HIDDEN_OPERATION="true"/>
  <IdmpodAuditOperationTypes OPERATION_TYPE_ID="IdmpodAuditOperationTypes:OPERATION_TYPE_ID:CREATE_AUTH_TOKEN" OPERATION_NAME="CreateAuthToken" OPERATION_DISPLAY_NAME="idmpod.reports.audit.op_display_name.create_auth_token" HIDDEN_OPERATION="true"/>
  <IdmpodAuditOperationTypes OPERATION_TYPE_ID="IdmpodAuditOperationTypes:OPERATION_TYPE_ID:UPDATE_SUBSCRIPTION" OPERATION_NAME="UpdateSubscription" OPERATION_DISPLAY_NAME="idmpod.reports.audit.op_display_name.update_subscription" HIDDEN_OPERATION="true"/>
  <IdmpodAuditOperationTypes OPERATION_TYPE_ID="IdmpodAuditOperationTypes:OPERATION_TYPE_ID:ADD_PUBLIC_DOMAIN" OPERATION_NAME="AddPublicDomain" OPERATION_DISPLAY_NAME="idmpod.reports.audit.op_display_name.add_public_domain"/>
  <IdmpodAuditOperationTypes OPERATION_TYPE_ID="IdmpodAuditOperationTypes:OPERATION_TYPE_ID:UPDATE_PUBLIC_DOMAIN" OPERATION_NAME="UpdatePublicDomain" OPERATION_DISPLAY_NAME="idmpod.reports.audit.op_display_name.update_public_domain"/>
  <IdmpodAuditOperationTypes OPERATION_TYPE_ID="IdmpodAuditOperationTypes:OPERATION_TYPE_ID:DELETE_PUBLIC_DOMAIN" OPERATION_NAME="DeletePublicDomain" OPERATION_DISPLAY_NAME="idmpod.reports.audit.op_display_name.delete_public_domain"/>

  <IdmpodAuditOperationTypes OPERATION_TYPE_ID="IdmpodAuditOperationTypes:OPERATION_TYPE_ID:ASSIGN_SAML_APPS_TO_USERS" OPERATION_NAME="AssignSamlAppsToUsers" OPERATION_DISPLAY_NAME="idmpod.reports.audit.op_display_name.assign_saml_apps_to_users"/>
  <IdmpodAuditOperationTypes OPERATION_TYPE_ID="IdmpodAuditOperationTypes:OPERATION_TYPE_ID:UNASSIGN_SAML_APPS_FROM_USERS" OPERATION_NAME="UnassignSamlAppsFromUsers" OPERATION_DISPLAY_NAME="idmpod.reports.audit.op_display_name.unassign_saml_apps_from_users"/>

  <IdmpodAuditOperationTypes OPERATION_TYPE_ID="IdmpodAuditOperationTypes:OPERATION_TYPE_ID:ACCESS_USER_PORTAL" OPERATION_NAME="AccessUserPortal" OPERATION_DISPLAY_NAME="idmpod.reports.audit.op_display_name.access_user_portal" HIDDEN_OPERATION="true"/>
  <IdmpodAuditOperationTypes OPERATION_TYPE_ID="IdmpodAuditOperationTypes:OPERATION_TYPE_ID:ACCESS_ADMIN_PORTAL" OPERATION_NAME="AccessAdminPortal" OPERATION_DISPLAY_NAME="idmpod.reports.audit.op_display_name.access_admin_portal" HIDDEN_OPERATION="true"/>
</AuditOperationTypes>
