<?xml version="1.0" encoding="iso-8859-1"?>
<IdmpodJsonApis>
  <IdmpodJsonApiMapping JSON_API_ID="IdmpodJsonApiMapping:JSON_API_ID:GET_CURRENT_USER" URL_PATH="users/current" HTTP_METHOD="GET" CLASS_NAME="com.manageengine.idmpod.client.iam.UsersApi" METHOD_NAME="getCurrentUser"/>
  <IdmpodJsonApiMapping JSON_API_ID="IdmpodJsonApiMapping:JSON_API_ID:GET_USERS" URL_PATH="users" HTTP_METHOD="GET" CLASS_NAME="com.manageengine.idmpod.client.iam.UsersApi" METHOD_NAME="getUsers" AA_MEMBER_ROLE="admin"/>
  <IdmpodJsonApiMapping JSON_API_ID="IdmpodJsonApiMapping:JSON_API_ID:ASSIGN_SAML_APP_TO_USERS" URL_PATH="users/{id}/assign-apps" HTTP_METHOD="POST" CLASS_NAME="com.manageengine.idmpod.client.iam.UsersApi" METHOD_NAME="assignSamlAppsToUser" AA_MEMBER_ROLE="admin"/>
  <IdmpodJsonApiMapping JSON_API_ID="IdmpodJsonApiMapping:JSON_API_ID:ASSIGN_SAML_APPS_TO_USERS" URL_PATH="users/assign-apps" HTTP_METHOD="POST" CLASS_NAME="com.manageengine.idmpod.client.iam.UsersApi" METHOD_NAME="assignSamlAppsToUsers" AA_MEMBER_ROLE="admin"/>
  <IdmpodJsonApiMapping JSON_API_ID="IdmpodJsonApiMapping:JSON_API_ID:UNASSIGN_SAML_APPS_FROM_USERS" URL_PATH="users/unassign-apps" HTTP_METHOD="POST" CLASS_NAME="com.manageengine.idmpod.client.iam.UsersApi" METHOD_NAME="unassignSamlAppsFromUsers" AA_MEMBER_ROLE="admin"/>
  <IdmpodJsonApiMapping JSON_API_ID="IdmpodJsonApiMapping:JSON_API_ID:UPDATE_USER" URL_PATH="users/{id}" HTTP_METHOD="PATCH" CLASS_NAME="com.manageengine.idmpod.client.iam.UsersApi" METHOD_NAME="updateUser" AA_MEMBER_ROLE="admin"/>
  <IdmpodJsonApiMapping JSON_API_ID="IdmpodJsonApiMapping:JSON_API_ID:DELETE_USER" URL_PATH="users/{id}" HTTP_METHOD="DELETE" CLASS_NAME="com.manageengine.idmpod.client.iam.UsersApi" METHOD_NAME="deleteUser" AA_MEMBER_ROLE="admin"/>

  <IdmpodJsonApiMapping JSON_API_ID="IdmpodJsonApiMapping:JSON_API_ID:GET_INVITED_USERS" URL_PATH="invited-users" HTTP_METHOD="GET" CLASS_NAME="com.manageengine.idmpod.client.iam.UsersApi" METHOD_NAME="getInvitedUsers" AA_MEMBER_ROLE="admin"/>
  <IdmpodJsonApiMapping JSON_API_ID="IdmpodJsonApiMapping:JSON_API_ID:DELETE_INVITATIONS" URL_PATH="invited-users/delete-invitations" HTTP_METHOD="DELETE" CLASS_NAME="com.manageengine.idmpod.client.iam.UsersApi" METHOD_NAME="deleteInvitations" AA_MEMBER_ROLE="admin"/>

  <IdmpodJsonApiMapping JSON_API_ID="IdmpodJsonApiMapping:JSON_API_ID:GET_APP_USERS" URL_PATH="app-users" HTTP_METHOD="GET" CLASS_NAME="com.manageengine.idmpod.client.iam.UsersApi" METHOD_NAME="getAppUsers" AA_MEMBER_ROLE="admin"/>

  <IdmpodJsonApiMapping JSON_API_ID="IdmpodJsonApiMapping:JSON_API_ID:GET_SAML_APP_CATEGORIES" URL_PATH="saml-app-categories" HTTP_METHOD="GET" CLASS_NAME="com.manageengine.idmpod.client.iam.samlapps.SamlAppsApi" METHOD_NAME="getSamlAppCategories" AA_MEMBER_ROLE="admin"/>

  <IdmpodJsonApiMapping JSON_API_ID="IdmpodJsonApiMapping:JSON_API_ID:GET_SAML_APP_TEMPLATES" URL_PATH="saml-app-templates" HTTP_METHOD="GET" CLASS_NAME="com.manageengine.idmpod.client.iam.samlapps.SamlAppsApi" METHOD_NAME="getSamlAppTemplates" AA_MEMBER_ROLE="admin"/>
  <IdmpodJsonApiMapping JSON_API_ID="IdmpodJsonApiMapping:JSON_API_ID:GET_SAML_APP_TEMPLATE" URL_PATH="saml-app-templates/{id}" HTTP_METHOD="GET" CLASS_NAME="com.manageengine.idmpod.client.iam.samlapps.SamlAppsApi" METHOD_NAME="getSamlAppTemplate" AA_MEMBER_ROLE="admin"/>

  <IdmpodJsonApiMapping JSON_API_ID="IdmpodJsonApiMapping:JSON_API_ID:GET_USER_SAML_APPS" URL_PATH="user-saml-apps" HTTP_METHOD="GET" CLASS_NAME="com.manageengine.idmpod.client.iam.samlapps.SamlAppsApi" METHOD_NAME="getUserSamlApps"/>

  <IdmpodJsonApiMapping JSON_API_ID="IdmpodJsonApiMapping:JSON_API_ID:GET_SAML_APPS" URL_PATH="saml-apps" HTTP_METHOD="GET" CLASS_NAME="com.manageengine.idmpod.client.iam.samlapps.SamlAppsApi" METHOD_NAME="getConfiguredSamlApps" AA_MEMBER_ROLE="admin"/>
  <IdmpodJsonApiMapping JSON_API_ID="IdmpodJsonApiMapping:JSON_API_ID:GET_SAML_APP" URL_PATH="saml-apps/{id}" HTTP_METHOD="GET" CLASS_NAME="com.manageengine.idmpod.client.iam.samlapps.SamlAppsApi" METHOD_NAME="getConfiguredSamlApp" AA_MEMBER_ROLE="admin"/>
  <IdmpodJsonApiMapping JSON_API_ID="IdmpodJsonApiMapping:JSON_API_ID:ADD_SAML_APP" URL_PATH="saml-apps" HTTP_METHOD="POST" CLASS_NAME="com.manageengine.idmpod.client.iam.samlapps.SamlAppsApi" METHOD_NAME="addSamlApp" AA_MEMBER_ROLE="admin"/>
  <IdmpodJsonApiMapping JSON_API_ID="IdmpodJsonApiMapping:JSON_API_ID:UPDATE_SAML_APP" URL_PATH="saml-apps/{id}" HTTP_METHOD="PATCH" CLASS_NAME="com.manageengine.idmpod.client.iam.samlapps.SamlAppsApi" METHOD_NAME="updateSamlApp" AA_MEMBER_ROLE="admin"/>
  <IdmpodJsonApiMapping JSON_API_ID="IdmpodJsonApiMapping:JSON_API_ID:DELETE_SAML_APP" URL_PATH="saml-apps/{id}" HTTP_METHOD="DELETE" CLASS_NAME="com.manageengine.idmpod.client.iam.samlapps.SamlAppsApi" METHOD_NAME="deleteSamlApp" AA_MEMBER_ROLE="admin"/>
  <IdmpodJsonApiMapping JSON_API_ID="IdmpodJsonApiMapping:JSON_API_ID:ASSIGN_USERS_TO_SAML_APP" URL_PATH="saml-apps/{id}/assign-users" HTTP_METHOD="POST" CLASS_NAME="com.manageengine.idmpod.client.iam.samlapps.SamlAppsApi" METHOD_NAME="assignUsersToSamlApp" AA_MEMBER_ROLE="admin"/>
  <IdmpodJsonApiMapping JSON_API_ID="IdmpodJsonApiMapping:JSON_API_ID:REMOVE_USERS_FROM_SAML_APP" URL_PATH="saml-apps/{id}/remove-users" HTTP_METHOD="POST" CLASS_NAME="com.manageengine.idmpod.client.iam.samlapps.SamlAppsApi" METHOD_NAME="removeUsersFromSamlApp" AA_MEMBER_ROLE="admin"/>

  <IdmpodJsonApiMapping JSON_API_ID="IdmpodJsonApiMapping:JSON_API_ID:GET_SAML_CONFIGURATION_DETAILS" URL_PATH="saml-app-configurations" HTTP_METHOD="GET" CLASS_NAME="com.manageengine.idmpod.client.iam.samlapps.SamlAppsApi" METHOD_NAME="getSamlAppConfigurationDetails" AA_MEMBER_ROLE="admin"/>

  <IdmpodJsonApiMapping JSON_API_ID="IdmpodJsonApiMapping:JSON_API_ID:GET_DIRECTORY_TYPES" URL_PATH="directory-types" HTTP_METHOD="GET" CLASS_NAME="com.manageengine.idmpod.client.iam.directory.DirectoryApi" METHOD_NAME="getDirectoryTypes" AA_MEMBER_ROLE="admin"/>

  <IdmpodJsonApiMapping JSON_API_ID="IdmpodJsonApiMapping:JSON_API_ID:GET_DIRECTORIES" URL_PATH="directories" HTTP_METHOD="GET" CLASS_NAME="com.manageengine.idmpod.client.iam.directory.DirectoryApi" METHOD_NAME="getDirectories" AA_MEMBER_ROLE="admin"/>
  <IdmpodJsonApiMapping JSON_API_ID="IdmpodJsonApiMapping:JSON_API_ID:ADD_DIRECTORY" URL_PATH="directories" HTTP_METHOD="POST" CLASS_NAME="com.manageengine.idmpod.client.iam.directory.DirectoryApi" METHOD_NAME="addDirectory" AA_MEMBER_ROLE="admin"/>
  <IdmpodJsonApiMapping JSON_API_ID="IdmpodJsonApiMapping:JSON_API_ID:GET_DIRECTORY" URL_PATH="directories/{id}" HTTP_METHOD="GET" CLASS_NAME="com.manageengine.idmpod.client.iam.directory.DirectoryApi" METHOD_NAME="getDirectory" AA_MEMBER_ROLE="admin"/>
  <IdmpodJsonApiMapping JSON_API_ID="IdmpodJsonApiMapping:JSON_API_ID:UPDATE_DIRECTORY" URL_PATH="directories/{id}" HTTP_METHOD="PATCH" CLASS_NAME="com.manageengine.idmpod.client.iam.directory.DirectoryApi" METHOD_NAME="updateDirectory" AA_MEMBER_ROLE="admin"/>
  <IdmpodJsonApiMapping JSON_API_ID="IdmpodJsonApiMapping:JSON_API_ID:DELETE_DIRECTORY" URL_PATH="directories/{id}" HTTP_METHOD="DELETE" CLASS_NAME="com.manageengine.idmpod.client.iam.directory.DirectoryApi" METHOD_NAME="deleteDirectory" AA_MEMBER_ROLE="admin"/>

  <IdmpodJsonApiMapping JSON_API_ID="IdmpodJsonApiMapping:JSON_API_ID:FETCH_DIRECTORY_OBJECTS" URL_PATH="directories/{id}/collect" HTTP_METHOD="GET" CLASS_NAME="com.manageengine.idmpod.client.iam.directory.DirectoryApi" METHOD_NAME="fetchSampleData" AA_MEMBER_ROLE="admin"/>
  <IdmpodJsonApiMapping JSON_API_ID="IdmpodJsonApiMapping:JSON_API_ID:RUN_DIRECTORY_SYNC_NOW" URL_PATH="directories/{id}/sync-now" HTTP_METHOD="POST" CLASS_NAME="com.manageengine.idmpod.client.iam.directory.DirectoryApi" METHOD_NAME="syncNow" AA_MEMBER_ROLE="admin"/>

  <IdmpodJsonApiMapping JSON_API_ID="IdmpodJsonApiMapping:JSON_API_ID:SETUP_DIRECTORY_SYNC" URL_PATH="directories/{id}/sync" HTTP_METHOD="POST" CLASS_NAME="com.manageengine.idmpod.client.iam.directory.DirectoryApi" METHOD_NAME="setupDirectorySync" AA_MEMBER_ROLE="admin"/>

  <IdmpodJsonApiMapping JSON_API_ID="IdmpodJsonApiMapping:JSON_API_ID:IMPORT_DIRECTORY_USERS" URL_PATH="directories/{id}/import" HTTP_METHOD="POST" CLASS_NAME="com.manageengine.idmpod.client.iam.directory.DirectoryApi" METHOD_NAME="importDirectoryUsers" AA_MEMBER_ROLE="admin"/>

  <IdmpodJsonApiMapping JSON_API_ID="IdmpodJsonApiMapping:JSON_API_ID:ADD_USERS_TO_DIRECTORY" URL_PATH="directories/{id}/add-users" HTTP_METHOD="POST" CLASS_NAME="com.manageengine.idmpod.client.iam.directory.DirectoryApi" METHOD_NAME="addUsersToDirectory" AA_MEMBER_ROLE="admin"/>

  <IdmpodJsonApiMapping JSON_API_ID="IdmpodJsonApiMapping:JSON_API_ID:UPDATE_OU" URL_PATH="organizational-units/{id}" HTTP_METHOD="PATCH" CLASS_NAME="com.manageengine.idmpod.client.iam.directory.DirectoryApi" METHOD_NAME="updateOrganizationalUnit" AA_MEMBER_ROLE="admin"/>
  <IdmpodJsonApiMapping JSON_API_ID="IdmpodJsonApiMapping:JSON_API_ID:GET_OUS" URL_PATH="organizational-units" HTTP_METHOD="GET" CLASS_NAME="com.manageengine.idmpod.client.iam.directory.DirectoryApi" METHOD_NAME="getOrganizationalUnits" AA_MEMBER_ROLE="admin"/>

  <IdmpodJsonApiMapping JSON_API_ID="IdmpodJsonApiMapping:JSON_API_ID:UPDATE_DOMAIN" URL_PATH="domains/{id}" HTTP_METHOD="PATCH" CLASS_NAME="com.manageengine.idmpod.client.iam.directory.DirectoryApi" METHOD_NAME="updateOrganizationalUnit" AA_MEMBER_ROLE="admin"/>
  <IdmpodJsonApiMapping JSON_API_ID="IdmpodJsonApiMapping:JSON_API_ID:GET_DOMAINS" URL_PATH="domains" HTTP_METHOD="GET" CLASS_NAME="com.manageengine.idmpod.client.iam.directory.DirectoryApi" METHOD_NAME="getDomains" AA_MEMBER_ROLE="admin"/>

  <IdmpodJsonApiMapping JSON_API_ID="IdmpodJsonApiMapping:JSON_API_ID:DELETE_PUBLIC_DOMAIN" URL_PATH="pdomains/{id}" HTTP_METHOD="DELETE" CLASS_NAME="com.manageengine.idmpod.client.iam.directory.DirectoryApi" METHOD_NAME="deletePublicDomain" AA_MEMBER_ROLE="admin"/>
  <IdmpodJsonApiMapping JSON_API_ID="IdmpodJsonApiMapping:JSON_API_ID:UPDATE_PUBLIC_DOMAIN" URL_PATH="pdomains/{id}" HTTP_METHOD="PATCH" CLASS_NAME="com.manageengine.idmpod.client.iam.directory.DirectoryApi" METHOD_NAME="updatePublicDomain" AA_MEMBER_ROLE="admin"/>
  <IdmpodJsonApiMapping JSON_API_ID="IdmpodJsonApiMapping:JSON_API_ID:GET_PUBLIC_DOMAINS" URL_PATH="pdomains" HTTP_METHOD="GET" CLASS_NAME="com.manageengine.idmpod.client.iam.directory.DirectoryApi" METHOD_NAME="getPublicDomains" AA_MEMBER_ROLE="admin"/>
  <IdmpodJsonApiMapping JSON_API_ID="IdmpodJsonApiMapping:JSON_API_ID:ADD_PUBLIC_DOMAIN" URL_PATH="pdomains" HTTP_METHOD="POST" CLASS_NAME="com.manageengine.idmpod.client.iam.directory.DirectoryApi" METHOD_NAME="addPublicDomain" AA_MEMBER_ROLE="admin"/>

  <IdmpodJsonApiMapping JSON_API_ID="IdmpodJsonApiMapping:JSON_API_ID:GET_SYNCHED_OBJECTS" URL_PATH="synched-objects" HTTP_METHOD="GET" CLASS_NAME="com.manageengine.idmpod.client.iam.directory.DirectoryApi" METHOD_NAME="getSynchedObjects" AA_MEMBER_ROLE="admin"/>

  <IdmpodJsonApiMapping JSON_API_ID="IdmpodJsonApiMapping:JSON_API_ID:GET_REPORTS" URL_PATH="reports" HTTP_METHOD="GET" CLASS_NAME="com.manageengine.idmpod.client.reports.ReportsApi" METHOD_NAME="getReports" AA_MEMBER_ROLE="admin"/>
  <!-- <IdmpodJsonApiMapping JSON_API_ID="IdmpodJsonApiMapping:JSON_API_ID:GET_REPORT" URL_PATH="reports/{id}" HTTP_METHOD="GET" CLASS_NAME="com.manageengine.idmpod.client.reports.ReportsApi" METHOD_NAME="getReport" AA_MEMBER_ROLE="admin"/> -->

  <IdmpodJsonApiMapping JSON_API_ID="IdmpodJsonApiMapping:JSON_API_ID:GET_REPORT_FIELDS" URL_PATH="report-fields" HTTP_METHOD="GET" CLASS_NAME="com.manageengine.idmpod.client.reports.ReportsApi" METHOD_NAME="getReportFields" AA_MEMBER_ROLE="admin"/>

  <IdmpodJsonApiMapping JSON_API_ID="IdmpodJsonApiMapping:JSON_API_ID:GET_APP_ACCESS_EVENTS" URL_PATH="application-access-events" HTTP_METHOD="GET" CLASS_NAME="com.manageengine.idmpod.client.reports.AuditApi" METHOD_NAME="getAppAccessEvents" AA_MEMBER_ROLE="admin"/>

  <IdmpodJsonApiMapping JSON_API_ID="IdmpodJsonApiMapping:JSON_API_ID:GET_ADMIN_AUDIT_EVENTS" URL_PATH="admin-audit-events" HTTP_METHOD="GET" CLASS_NAME="com.manageengine.idmpod.client.reports.AuditApi" METHOD_NAME="getAdminAuditEvents" AA_MEMBER_ROLE="SuperAdmin"/>

  <IdmpodJsonApiMapping JSON_API_ID="IdmpodJsonApiMapping:JSON_API_ID:GET_CHART" URL_PATH="charts" HTTP_METHOD="GET" CLASS_NAME="com.manageengine.idmpod.client.reports.GraphApi" METHOD_NAME="getChart" AA_MEMBER_ROLE="admin"/>

  <IdmpodJsonApiMapping JSON_API_ID="IdmpodJsonApiMapping:JSON_API_ID:GET_CURRENT_DASHBOARD" URL_PATH="dashboards/current" HTTP_METHOD="GET" CLASS_NAME="com.manageengine.idmpod.client.reports.DashboardApi" METHOD_NAME="getCurrentDashboard" AA_MEMBER_ROLE="admin"/>

  <IdmpodJsonApiMapping JSON_API_ID="IdmpodJsonApiMapping:JSON_API_ID:CREATE_GSUITE_AUTH_TOKEN" URL_PATH="gsuite-auth-tokens" HTTP_METHOD="POST" CLASS_NAME="com.manageengine.idmpod.client.iam.directory.gsuite.GSuiteApi" METHOD_NAME="createAuthToken" AA_MEMBER_ROLE="admin"/>

  <IdmpodJsonApiMapping JSON_API_ID="IdmpodJsonApiMapping:JSON_API_ID:GET_GSUITE_AUTH_TOKEN" URL_PATH="gsuite-auth-tokens/{id}" HTTP_METHOD="GET" CLASS_NAME="com.manageengine.idmpod.client.iam.directory.gsuite.GSuiteApi" METHOD_NAME="getAuthToken" AA_MEMBER_ROLE="admin"/>

  <IdmpodJsonApiMapping JSON_API_ID="IdmpodJsonApiMapping:JSON_API_ID:CREATE_AZURE_AUTH_TOKEN" URL_PATH="azure-auth-tokens" HTTP_METHOD="POST" CLASS_NAME="com.manageengine.idmpod.client.iam.directory.azure.AzureApi" METHOD_NAME="createAuthToken" AA_MEMBER_ROLE="admin"/>

  <IdmpodJsonApiMapping JSON_API_ID="IdmpodJsonApiMapping:JSON_API_ID:GET_AZURE_AUTH_TOKEN" URL_PATH="azure-auth-tokens/{id}" HTTP_METHOD="GET" CLASS_NAME="com.manageengine.idmpod.client.iam.directory.azure.AzureApi" METHOD_NAME="getAuthToken" AA_MEMBER_ROLE="admin"/>

  <IdmpodJsonApiMapping JSON_API_ID="IdmpodJsonApiMapping:JSON_API_ID:PARSE_SP_METADATA" URL_PATH="parsed-sp-metadata" HTTP_METHOD="GET" CLASS_NAME="com.manageengine.idmpod.client.iam.samlapps.SamlAppsApi" METHOD_NAME="parseSPMetadata" AA_MEMBER_ROLE="admin"/>

  <IdmpodJsonApiMapping JSON_API_ID="IdmpodJsonApiMapping:JSON_API_ID:GET_CURRENT_SUBSCRIPTION" URL_PATH="subscriptions/current" HTTP_METHOD="GET" CLASS_NAME="com.manageengine.idmpod.client.subscriptions.SubscriptionApi" METHOD_NAME="getCurrentSubscription" AA_MEMBER_ROLE="SuperAdmin"/>

  <IdmpodJsonApiMapping JSON_API_ID="IdmpodJsonApiMapping:JSON_API_ID:UPDATE_SUBSCRIPTION" URL_PATH="subscriptions/{id}" HTTP_METHOD="PATCH" CLASS_NAME="com.manageengine.idmpod.client.subscriptions.SubscriptionApi" METHOD_NAME="updateSubscription" AA_MEMBER_ROLE="SuperAdmin"/>

</IdmpodJsonApis>
