<?xml version="1.0" encoding="iso-8859-1"?>
<ReportConfig>
  <IdmpodDataModels MODEL_ID="IdmpodDataModels:MODEL_ID:SAML_APP" MODEL_NAME="saml-app">
    <IdmpodDataModelFields FIELD_ID="IdmpodDataModelFields:FIELD_ID:APP_NAME" MODEL_ID="IdmpodDataModels:MODEL_ID:SAML_APP" FIELD_NAME="APP_NAME" FIELD_DISPLAY_NAME="idmpod.reports.saml_app.columns.app_name.label" IS_SEARCHABLE="true" FIELD_INDEX="1"/>
    <IdmpodDataModelFields FIELD_ID="IdmpodDataModelFields:FIELD_ID:APP_DESCRIPTION" MODEL_ID="IdmpodDataModels:MODEL_ID:SAML_APP" FIELD_NAME="DESCRIPTION" FIELD_DISPLAY_NAME="idmpod.reports.saml_app.columns.description.label" FIELD_INDEX="2"/>
    <IdmpodDataModelFields FIELD_ID="IdmpodDataModelFields:FIELD_ID:APP_USER_COUNT" MODEL_ID="IdmpodDataModels:MODEL_ID:SAML_APP" FIELD_NAME="MAPPED_USER_COUNT" FIELD_DISPLAY_NAME="idmpod.reports.saml_app.columns.user_count.label" FIELD_INDEX="3"/>
    <IdmpodDataModelFields FIELD_ID="IdmpodDataModelFields:FIELD_ID:APP_CREATED_TIME" MODEL_ID="IdmpodDataModels:MODEL_ID:SAML_APP" FIELD_NAME="CREATED_TIME" FIELD_DISPLAY_NAME="idmpod.reports.saml_app.columns.created_time.label" FIELD_TYPE="3" FIELD_INDEX="4"/>
    <IdmpodDataModelFields FIELD_ID="IdmpodDataModelFields:FIELD_ID:APP_MODIFIED_TIME" MODEL_ID="IdmpodDataModels:MODEL_ID:SAML_APP" FIELD_NAME="MODIFIED_TIME" FIELD_DISPLAY_NAME="idmpod.reports.saml_app.columns.modified_time.label" FIELD_TYPE="3" FIELD_INDEX="5"/>
  </IdmpodDataModels>

  <IdmpodDataModels MODEL_ID="IdmpodDataModels:MODEL_ID:APPLICATION_ACCESS_EVENT" MODEL_NAME="application-access-event">
    <IdmpodDataModelFields FIELD_ID="IdmpodDataModelFields:FIELD_ID:ACCESS_TIMESTAMP" MODEL_ID="IdmpodDataModels:MODEL_ID:APPLICATION_ACCESS_EVENT" FIELD_NAME="TIMESTAMP" FIELD_DISPLAY_NAME="idmpod.reports.app_access.columns.access_time.label" FIELD_TYPE="3" FIELD_INDEX="1"/>
    <IdmpodDataModelFields FIELD_ID="IdmpodDataModelFields:FIELD_ID:ACCESS_USER" MODEL_ID="IdmpodDataModels:MODEL_ID:APPLICATION_ACCESS_EVENT" FIELD_NAME="USER_NAME" FIELD_DISPLAY_NAME="idmpod.reports.app_access.columns.user.label" FIELD_INDEX="2"/>
    <IdmpodDataModelFields FIELD_ID="IdmpodDataModelFields:FIELD_ID:ACCESS_APPLICATION" MODEL_ID="IdmpodDataModels:MODEL_ID:APPLICATION_ACCESS_EVENT" FIELD_NAME="APPLICATION_NAME" FIELD_DISPLAY_NAME="idmpod.reports.app_access.columns.application.label" FIELD_INDEX="3"/>
    <IdmpodDataModelFields FIELD_ID="IdmpodDataModelFields:FIELD_ID:ACCESS_USER_AGENT" MODEL_ID="IdmpodDataModels:MODEL_ID:APPLICATION_ACCESS_EVENT" FIELD_NAME="USER_AGENT_INFO" FIELD_DISPLAY_NAME="idmpod.reports.app_access.columns.user_agent_info.label" FIELD_INDEX="4"/>
    <IdmpodDataModelFields FIELD_ID="IdmpodDataModelFields:FIELD_ID:ACCESS_CLIENT_IP" MODEL_ID="IdmpodDataModels:MODEL_ID:APPLICATION_ACCESS_EVENT" FIELD_NAME="CLIENT_IP" FIELD_DISPLAY_NAME="idmpod.reports.app_access.columns.client_ip.label" FIELD_INDEX="5"/>
  </IdmpodDataModels>
  <IdmpodDataModels MODEL_ID="IdmpodDataModels:MODEL_ID:CLIENT_ACCESS_EVENT" MODEL_NAME="client-access-event">
    <IdmpodDataModelFields FIELD_ID="IdmpodDataModelFields:FIELD_ID:CA_TIMESTAMP" MODEL_ID="IdmpodDataModels:MODEL_ID:CLIENT_ACCESS_EVENT" FIELD_NAME="TIMESTAMP" FIELD_DISPLAY_NAME="idmpod.reports.app_access.columns.access_time.label" FIELD_TYPE="3" FIELD_INDEX="1"/>
    <IdmpodDataModelFields FIELD_ID="IdmpodDataModelFields:FIELD_ID:CA_USER" MODEL_ID="IdmpodDataModels:MODEL_ID:CLIENT_ACCESS_EVENT" FIELD_NAME="USER_NAME" FIELD_DISPLAY_NAME="idmpod.reports.app_access.columns.user.label" FIELD_INDEX="2"/>
    <IdmpodDataModelFields FIELD_ID="IdmpodDataModelFields:FIELD_ID:CA_APPLICATION" MODEL_ID="IdmpodDataModels:MODEL_ID:CLIENT_ACCESS_EVENT" FIELD_NAME="OPERATION_DISPLAY_NAME" FIELD_DISPLAY_NAME="idmpod.reports.admin_audit.columns.operation.label" FIELD_INDEX="3"/>
    <IdmpodDataModelFields FIELD_ID="IdmpodDataModelFields:FIELD_ID:CA_USER_AGENT" MODEL_ID="IdmpodDataModels:MODEL_ID:CLIENT_ACCESS_EVENT" FIELD_NAME="USER_AGENT_INFO" FIELD_DISPLAY_NAME="idmpod.reports.app_access.columns.user_agent_info.label" FIELD_INDEX="4"/>
    <IdmpodDataModelFields FIELD_ID="IdmpodDataModelFields:FIELD_ID:CA_CLIENT_IP" MODEL_ID="IdmpodDataModels:MODEL_ID:CLIENT_ACCESS_EVENT" FIELD_NAME="CLIENT_IP" FIELD_DISPLAY_NAME="idmpod.reports.app_access.columns.client_ip.label" FIELD_INDEX="5"/>
  </IdmpodDataModels>
  <IdmpodDataModels MODEL_ID="IdmpodDataModels:MODEL_ID:ADMIN_AUDIT_EVENT" MODEL_NAME="admin-audit-event">
    <IdmpodDataModelFields FIELD_ID="IdmpodDataModelFields:FIELD_ID:ADMIN_AUDIT_ACCESS_TIMESTAMP" MODEL_ID="IdmpodDataModels:MODEL_ID:ADMIN_AUDIT_EVENT" FIELD_NAME="TIMESTAMP" FIELD_DISPLAY_NAME="idmpod.reports.app_access.columns.access_time.label" FIELD_TYPE="3" FIELD_INDEX="1"/>
    <IdmpodDataModelFields FIELD_ID="IdmpodDataModelFields:FIELD_ID:ADMIN_AUDIT_ACCESS_USER" MODEL_ID="IdmpodDataModels:MODEL_ID:ADMIN_AUDIT_EVENT" FIELD_NAME="USER_NAME" FIELD_DISPLAY_NAME="idmpod.reports.app_access.columns.user.label" FIELD_INDEX="2"/>
    <IdmpodDataModelFields FIELD_ID="IdmpodDataModelFields:FIELD_ID:ADMIN_AUDIT_ACCESS_OPERATION" MODEL_ID="IdmpodDataModels:MODEL_ID:ADMIN_AUDIT_EVENT" FIELD_NAME="OPERATION_DISPLAY_NAME" FIELD_DISPLAY_NAME="idmpod.reports.admin_audit.columns.operation.label" FIELD_INDEX="2" IS_SEARCHABLE="true"/>
    <IdmpodDataModelFields FIELD_ID="IdmpodDataModelFields:FIELD_ID:ADMIN_AUDIT_ACCESS_SUBJECT" MODEL_ID="IdmpodDataModels:MODEL_ID:ADMIN_AUDIT_EVENT" FIELD_NAME="SUBJECT" FIELD_DISPLAY_NAME="idmpod.reports.admin_audit.columns.subject.label" FIELD_TYPE="5" FIELD_INDEX="3"/>
    <IdmpodDataModelFields FIELD_ID="IdmpodDataModelFields:FIELD_ID:ADMIN_AUDIT_ACCESS_SUBJECT_ATTRIBUTES" MODEL_ID="IdmpodDataModels:MODEL_ID:ADMIN_AUDIT_EVENT" FIELD_NAME="SUBJECT_ATTRIBUTES" FIELD_DISPLAY_NAME="idmpod.reports.admin_audit.columns.subject_attributes.label" FIELD_INDEX="4" FIELD_TYPE="4"/>
    <IdmpodDataModelFields FIELD_ID="IdmpodDataModelFields:FIELD_ID:ADMIN_AUDIT_ACCESS_REMARKS" MODEL_ID="IdmpodDataModels:MODEL_ID:ADMIN_AUDIT_EVENT" FIELD_NAME="REMARKS" FIELD_DISPLAY_NAME="idmpod.reports.admin_audit.columns.remarks.label" FIELD_TYPE="7" FIELD_INDEX="5"/>
    <IdmpodDataModelFields FIELD_ID="IdmpodDataModelFields:FIELD_ID:ADMIN_AUDIT_ACCESS_USER_AGENT" MODEL_ID="IdmpodDataModels:MODEL_ID:ADMIN_AUDIT_EVENT" FIELD_NAME="USER_AGENT_INFO" FIELD_DISPLAY_NAME="idmpod.reports.app_access.columns.user_agent_info.label" FIELD_INDEX="6"/>
    <IdmpodDataModelFields FIELD_ID="IdmpodDataModelFields:FIELD_ID:ADMIN_AUDIT_ACCESS_CLIENT_IP" MODEL_ID="IdmpodDataModels:MODEL_ID:ADMIN_AUDIT_EVENT" FIELD_NAME="CLIENT_IP" FIELD_DISPLAY_NAME="idmpod.reports.app_access.columns.client_ip.label" FIELD_INDEX="7"/>
    <IdmpodDataModelFields FIELD_ID="IdmpodDataModelFields:FIELD_ID:ADMIN_AUDIT_ACCESS_RESULT" MODEL_ID="IdmpodDataModels:MODEL_ID:ADMIN_AUDIT_EVENT" FIELD_NAME="RESULT_STATUS" FIELD_DISPLAY_NAME="idmpod.reports.admin_audit.columns.result_status.label" FIELD_INDEX="8"/>
  </IdmpodDataModels>

  <IdmpodDataModels MODEL_ID="IdmpodDataModels:MODEL_ID:APPLICATION_USERS" MODEL_NAME="app-users">
    <IdmpodDataModelFields FIELD_ID="IdmpodDataModelFields:FIELD_ID:APPLICATION_USER" MODEL_ID="IdmpodDataModels:MODEL_ID:APPLICATION_USERS" FIELD_NAME="DISPLAY_NAME" FIELD_DISPLAY_NAME="idmpod.reports.app_access.columns.user.label" FIELD_INDEX="1"/>
    <IdmpodDataModelFields FIELD_ID="IdmpodDataModelFields:FIELD_ID:ACCESS_COUNT" MODEL_ID="IdmpodDataModels:MODEL_ID:APPLICATION_USERS" FIELD_NAME="ACCESS_COUNT" FIELD_DISPLAY_NAME="idmpod.reports.app_access.columns.access_count.label" FIELD_INDEX="2"/>
    <IdmpodDataModelFields FIELD_ID="IdmpodDataModelFields:FIELD_ID:LAST_LOGIN" MODEL_ID="IdmpodDataModels:MODEL_ID:APPLICATION_USERS" FIELD_NAME="LAST_LOGIN" FIELD_DISPLAY_NAME="idmpod.reports.app_access.columns.last_login.label" FIELD_TYPE="3" FIELD_INDEX="3"/>
  </IdmpodDataModels>

  <IdmpodCharts CHART_ID="IdmpodCharts:CHART_ID:TOP_APPS_BY_USAGE" CHART_NAME="TOP_APPS_BY_USAGE" CHART_DISPLAY_NAME="" DEFAULT_CHART_TYPE="pie" DEFAULT_ROW_LIMIT="5" MODEL_ID="IdmpodDataModels:MODEL_ID:APPLICATION_ACCESS_EVENT">
    <IdmpodChartFields CHART_FIELD_ID="IdmpodChartFields:CHART_FIELD_ID:1" CHART_ID="IdmpodCharts:CHART_ID:TOP_APPS_BY_USAGE" TABLE_NAME="IdmpodApplicationAccessAudit" COLUMN_NAME="APPLICATION_ID" IS_GROUP_BY="true" FIELD_TYPE="2"/>
    <IdmpodChartFields CHART_FIELD_ID="IdmpodChartFields:CHART_FIELD_ID:2" CHART_ID="IdmpodCharts:CHART_ID:TOP_APPS_BY_USAGE" TABLE_NAME="IdmpodApplicationAccessAudit" COLUMN_NAME="APPLICATION_ID" FUNCTION="COUNT" FIELD_TYPE="1" IS_SORT_BY="true" IS_ASCENDING="false" FIELD_DISPLAY_NAME="idmpod.reports.graphs.series_title.access_count"/>
  </IdmpodCharts>

  <IdmpodCharts CHART_ID="IdmpodCharts:CHART_ID:TOP_APP_USERS" CHART_NAME="TOP_APP_USERS" CHART_DISPLAY_NAME="" DEFAULT_CHART_TYPE="column" DEFAULT_ROW_LIMIT="10" MODEL_ID="IdmpodDataModels:MODEL_ID:APPLICATION_ACCESS_EVENT" Y_AXIS_TITLE="idmpod.reports.graphs.series_title.access_count">
    <IdmpodChartFields CHART_FIELD_ID="IdmpodChartFields:CHART_FIELD_ID:3" CHART_ID="IdmpodCharts:CHART_ID:TOP_APP_USERS" TABLE_NAME="IdmpodApplicationAccessAudit" COLUMN_NAME="USER_ID" IS_GROUP_BY="true" FIELD_TYPE="2"/>
    <IdmpodChartFields CHART_FIELD_ID="IdmpodChartFields:CHART_FIELD_ID:4" CHART_ID="IdmpodCharts:CHART_ID:TOP_APP_USERS" TABLE_NAME="IdmpodApplicationAccessAudit" COLUMN_NAME="USER_ID" FUNCTION="COUNT" FIELD_TYPE="1" IS_SORT_BY="true" IS_ASCENDING="false" FIELD_DISPLAY_NAME="idmpod.reports.graphs.series_title.access_count"/>
  </IdmpodCharts>

  <IdmpodCharts CHART_ID="IdmpodCharts:CHART_ID:ACTIVE_USERS_BY_DAY" CHART_NAME="ACTIVE_USERS_BY_DAY" CHART_DISPLAY_NAME="" DEFAULT_CHART_TYPE="line" DEFAULT_ROW_LIMIT="30" MODEL_ID="IdmpodDataModels:MODEL_ID:CLIENT_ACCESS_EVENT" Y_AXIS_TITLE="idmpod.reports.graphs.series_title.user_count">
    <IdmpodChartFields CHART_FIELD_ID="IdmpodChartFields:CHART_FIELD_ID:5" CHART_ID="IdmpodCharts:CHART_ID:ACTIVE_USERS_BY_DAY" TABLE_NAME="IdmpodClientAccessAudit" COLUMN_NAME="TIMESTAMP" IS_GROUP_BY="true" FIELD_TYPE="2" IS_SORT_BY="true" IS_ASCENDING="true" FUNCTION="CAST_TIMESTAMP_AS_DATE"/>
    <IdmpodChartFields CHART_FIELD_ID="IdmpodChartFields:CHART_FIELD_ID:6" CHART_ID="IdmpodCharts:CHART_ID:ACTIVE_USERS_BY_DAY" TABLE_NAME="IdmpodClientAccessAudit" COLUMN_NAME="USER_ID" FUNCTION="DISTINCT_COUNT" FIELD_TYPE="1" FIELD_DISPLAY_NAME="idmpod.reports.graphs.series_title.user_count"/>
  </IdmpodCharts>

  <IdmpodReports REPORT_ID="IdmpodReports:REPORT_ID:APPLICATIONS" REPORT_MODEL="IdmpodDataModels:MODEL_ID:SAML_APP" REPORT_NAME="applications" REPORT_DISPLAY_NAME="idmpod.reports.applications.name" INDEX="1">
  </IdmpodReports>

  <IdmpodReports REPORT_ID="IdmpodReports:REPORT_ID:APPLICATION_ACCESS" REPORT_MODEL="IdmpodDataModels:MODEL_ID:APPLICATION_ACCESS_EVENT" REPORT_NAME="application-access" REPORT_DISPLAY_NAME="idmpod.reports.application_access.name" HAS_CHART="true" CHART_ID="IdmpodCharts:CHART_ID:TOP_APPS_BY_USAGE" INDEX="2">
    <IdmpodReportInputs REPORT_INPUT_ID="IdmpodReportInputs:REPORT_INPUT_ID:1" REPORT_ID="IdmpodReports:REPORT_ID:APPLICATION_ACCESS" REPORT_INPUT_TYPE="DATETIME" INPUT_LABEL="idmpod.common.label.period" INPUT_FIELD_NAME="TIMESTAMP" UI_COMPONENT_TYPE="date-range-picker"/>
  </IdmpodReports>

  <IdmpodReports REPORT_ID="IdmpodReports:REPORT_ID:APPLICATION_USAGE" REPORT_MODEL="IdmpodDataModels:MODEL_ID:APPLICATION_USERS" REPORT_NAME="application-usage" REPORT_DISPLAY_NAME="idmpod.reports.application_usage.name" INDEX="3">
    <IdmpodReportInputs REPORT_INPUT_ID="IdmpodReportInputs:REPORT_INPUT_ID:2" REPORT_ID="IdmpodReports:REPORT_ID:APPLICATION_USAGE" REPORT_INPUT_TYPE="MODEL" INPUT_LABEL="idmpod.common.label.application" INPUT_MODEL="IdmpodDataModels:MODEL_ID:SAML_APP" INPUT_FIELD_NAME="APPLICATION_ID" UI_COMPONENT_TYPE="select-input" INDEX="0" CV_KEY="APP_NAME"/>
    <IdmpodReportInputs REPORT_INPUT_ID="IdmpodReportInputs:REPORT_INPUT_ID:3" REPORT_ID="IdmpodReports:REPORT_ID:APPLICATION_USAGE" REPORT_INPUT_TYPE="DATETIME" INPUT_LABEL="idmpod.common.label.period" INPUT_FIELD_NAME="TIMESTAMP" UI_COMPONENT_TYPE="date-range-picker" INDEX="1"/>
  </IdmpodReports>

  <IdmpodReports REPORT_ID="IdmpodReports:REPORT_ID:ADMIN_AUDIT" REPORT_MODEL="IdmpodDataModels:MODEL_ID:ADMIN_AUDIT_EVENT" REPORT_NAME="admin-audit" REPORT_DISPLAY_NAME="idmpod.reports.admin_audit.name" HAS_CHART="false" INDEX="0" AA_MEMBER_ROLE="SuperAdmin">
    <IdmpodReportInputs REPORT_INPUT_ID="IdmpodReportInputs:REPORT_INPUT_ID:4" REPORT_ID="IdmpodReports:REPORT_ID:ADMIN_AUDIT" REPORT_INPUT_TYPE="DATETIME" INPUT_LABEL="idmpod.common.label.period" INPUT_FIELD_NAME="TIMESTAMP" UI_COMPONENT_TYPE="date-range-picker"/>
  </IdmpodReports>

  <IdmpodDashboardCharts DASHBOARD_CHART_ID="IdmpodDashboardCharts:DASHBOARD_CHART_ID:APPLICATION_ACCESS" CHART_DISPLAY_NAME="idmpod.reports.application_access.name" CHART_ID="IdmpodCharts:CHART_ID:TOP_APPS_BY_USAGE" WIDTH="50">
  </IdmpodDashboardCharts>

  <IdmpodDashboardCharts DASHBOARD_CHART_ID="IdmpodDashboardCharts:DASHBOARD_CHART_ID:TOP_APP_USERS" CHART_DISPLAY_NAME="idmpod.reports.top_users.name" CHART_ID="IdmpodCharts:CHART_ID:TOP_APP_USERS" WIDTH="50">
  </IdmpodDashboardCharts>

  <IdmpodDashboardCharts DASHBOARD_CHART_ID="IdmpodDashboardCharts:DASHBOARD_CHART_ID:ACTIVE_USERS_BY_DAY" CHART_DISPLAY_NAME="idmpod.reports.active_users.name" CHART_ID="IdmpodCharts:CHART_ID:ACTIVE_USERS_BY_DAY" WIDTH="100">
  </IdmpodDashboardCharts>
</ReportConfig>
