<?xml version="1.0" encoding="UTF-8"?>
<!DOCTYPE data-dictionary SYSTEM "data-dictionary.dtd">

<!--$Id$ -->
<data-dictionary name="idmpod">

  <table name="IdmpodDataModels">
    <description>Datamodels to match with client models</description>
    <columns>
      <column name="MODEL_ID">
        <description>Unique identifier</description>
        <data-type>BIGINT</data-type>
        <uniquevalue-generation>
          <generator-name>IdmpodDataModels.MODEL_ID</generator-name>
        </uniquevalue-generation>
      </column>
      <column name="MODEL_NAME">
        <description>Name of the model -- Must match the one client side</description>
        <data-type>CHAR</data-type>
        <max-size>256</max-size>
        <nullable>true</nullable>
        <unique>true</unique>
      </column>
    </columns>
    <primary-key name="IdmpodDataModels_PK">
      <primary-key-column>MODEL_ID</primary-key-column>
    </primary-key>
  </table>

  <table name="IdmpodDataModelFields">
    <description>Model attributes</description>
    <columns>
      <column name="FIELD_ID">
        <description>Unique identifier</description>
        <data-type>BIGINT</data-type>
        <uniquevalue-generation>
          <generator-name>IdmpodDataModelFields.FIELD_ID</generator-name>
        </uniquevalue-generation>
      </column>
      <column name="MODEL_ID">
        <data-type>BIGINT</data-type>
        <nullable>false</nullable>
        <unique>false</unique>
      </column>
      <column name="FIELD_NAME">
        <data-type>CHAR</data-type>
        <max-size>256</max-size>
        <nullable>false</nullable>
        <unique>false</unique>
      </column>
      <column name="FIELD_DISPLAY_NAME">
        <data-type>CHAR</data-type>
        <max-size>256</max-size>
        <nullable>false</nullable>
        <unique>false</unique>
      </column>
      <column name="FIELD_TYPE">
        <data-type>BIGINT</data-type>
        <nullable>true</nullable>
        <unique>false</unique>
      </column>
      <column name="IS_SEARCHABLE">
        <data-type>BOOLEAN</data-type>
        <nullable>true</nullable>
      </column>
      <column name="FIELD_INDEX">
        <data-type>BIGINT</data-type>
        <nullable>true</nullable>
      </column>
    </columns>
    <primary-key name="IdmpodDataModelFields_PK">
      <primary-key-column>FIELD_ID</primary-key-column>
    </primary-key>
    <foreign-keys>
      <foreign-key name="IdmpodDataModelFields_FK1" reference-table-name="IdmpodDataModels">
        <fk-columns>
          <fk-column>
            <fk-local-column>MODEL_ID</fk-local-column>
            <fk-reference-column>MODEL_ID</fk-reference-column>
          </fk-column>
        </fk-columns>
        <fk-constraints>ON-DELETE-CASCADE</fk-constraints>
      </foreign-key>
    </foreign-keys>
  </table>

  <table name="IdmpodCharts">
    <description>Chart definitions</description>
    <columns>
      <column name="CHART_ID">
        <description>Unique identifier</description>
        <data-type>BIGINT</data-type>
        <uniquevalue-generation>
          <generator-name>IdmpodCharts.CHART_ID</generator-name>
        </uniquevalue-generation>
      </column>
      <column name="CHART_NAME">
        <data-type>CHAR</data-type>
        <max-size>256</max-size>
        <nullable>false</nullable>
        <unique>true</unique>
      </column>
      <column name="CHART_DISPLAY_NAME">
        <data-type>CHAR</data-type>
        <max-size>256</max-size>
        <nullable>false</nullable>
        <unique>false</unique>
      </column>
      <column name="DEFAULT_CHART_TYPE">
        <data-type>CHAR</data-type>
        <max-size>256</max-size>
        <nullable>false</nullable>
        <unique>false</unique>
      </column>
      <column name="Y_AXIS_TITLE">
        <data-type>CHAR</data-type>
        <max-size>256</max-size>
        <nullable>true</nullable>
        <unique>false</unique>
      </column>
      <column name="DEFAULT_ROW_LIMIT">
        <data-type>INTEGER</data-type>
        <nullable>false</nullable>
      </column>
      <column name="MODEL_ID">
        <data-type>BIGINT</data-type>
        <nullable>true</nullable>
      </column>
    </columns>
    <primary-key name="IdmpodCharts_PK">
      <primary-key-column>CHART_ID</primary-key-column>
    </primary-key>
    <foreign-keys>
      <foreign-key name="IdmpodCharts_FK1" reference-table-name="IdmpodDataModels">
        <fk-columns>
          <fk-column>
            <fk-local-column>MODEL_ID</fk-local-column>
            <fk-reference-column>MODEL_ID</fk-reference-column>
          </fk-column>
        </fk-columns>
        <fk-constraints>ON-DELETE-CASCADE</fk-constraints>
      </foreign-key>
    </foreign-keys>
  </table>

  <table name="IdmpodChartFields">
    <description>Chart definitions</description>
    <columns>
      <column name="CHART_FIELD_ID">
        <description>Unique identifier</description>
        <data-type>BIGINT</data-type>
        <uniquevalue-generation>
          <generator-name>IdmpodChartFields.CHART_FIELD_ID</generator-name>
        </uniquevalue-generation>
      </column>
      <column name="CHART_ID">
        <data-type>BIGINT</data-type>
        <nullable>false</nullable>
      </column>
      <column name="FIELD_INDEX">
        <data-type>BIGINT</data-type>
        <nullable>true</nullable>
      </column>
      <column name="TABLE_NAME">
        <data-type>CHAR</data-type>
        <max-size>256</max-size>
        <nullable>false</nullable>
        <unique>false</unique>
      </column>
      <column name="COLUMN_NAME">
        <data-type>CHAR</data-type>
        <max-size>256</max-size>
        <nullable>false</nullable>
        <unique>false</unique>
      </column>
      <column name="FIELD_DISPLAY_NAME">
        <data-type>CHAR</data-type>
        <max-size>256</max-size>
        <nullable>true</nullable>
        <unique>false</unique>
      </column>
      <column name="INCLUDE">
        <data-type>BOOLEAN</data-type>
        <nullable>true</nullable>
      </column>
      <column name="IS_SORT_BY">
        <data-type>BOOLEAN</data-type>
        <nullable>true</nullable>
      </column>
      <column name="IS_ASCENDING">
        <data-type>BOOLEAN</data-type>
        <nullable>true</nullable>
      </column>
      <column name="IS_GROUP_BY">
        <data-type>BOOLEAN</data-type>
        <nullable>true</nullable>
      </column>
      <column name="FUNCTION">
        <data-type>CHAR</data-type>
        <max-size>256</max-size>
        <nullable>true</nullable>
        <unique>false</unique>
      </column>
      <column name="FIELD_TYPE">
        <data-type>BIGINT</data-type>
        <nullable>false</nullable>
        <unique>false</unique>
      </column>
    </columns>
    <primary-key name="IdmpodChartFields_PK">
      <primary-key-column>CHART_FIELD_ID</primary-key-column>
    </primary-key>
    <foreign-keys>
      <foreign-key name="IdmpodChartFields_FK1" reference-table-name="IdmpodCharts">
        <fk-columns>
          <fk-column>
            <fk-local-column>CHART_ID</fk-local-column>
            <fk-reference-column>CHART_ID</fk-reference-column>
          </fk-column>
        </fk-columns>
        <fk-constraints>ON-DELETE-CASCADE</fk-constraints>
      </foreign-key>
    </foreign-keys>
  </table>

  <table name="IdmpodReports">
    <description>Report definitions</description>
    <columns>
      <column name="REPORT_ID">
        <description>Unique identifier</description>
        <data-type>BIGINT</data-type>
        <uniquevalue-generation>
          <generator-name>IdmpodReports.REPORT_ID</generator-name>
        </uniquevalue-generation>
      </column>
      <column name="REPORT_NAME">
        <data-type>CHAR</data-type>
        <max-size>256</max-size>
        <nullable>false</nullable>
        <unique>true</unique>
      </column>
      <column name="REPORT_DISPLAY_NAME">
        <data-type>CHAR</data-type>
        <max-size>256</max-size>
        <nullable>false</nullable>
        <unique>false</unique>
      </column>
      <column name="REPORT_MODEL">
        <data-type>BIGINT</data-type>
        <nullable>false</nullable>
      </column>
      <column name="HAS_CHART">
        <data-type>BOOLEAN</data-type>
        <nullable>true</nullable>
      </column>
      <column name="CHART_ID">
        <data-type>BIGINT</data-type>
        <nullable>true</nullable>
      </column>
      <column name="INDEX">
        <data-type>BIGINT</data-type>
        <nullable>true</nullable>
      </column>
      <column name="AA_MEMBER_ROLE">
        <data-type>CHAR</data-type>
        <max-size>200</max-size>
        <nullable>true</nullable>
      </column>
    </columns>
    <primary-key name="IdmpodReports_PK">
      <primary-key-column>REPORT_ID</primary-key-column>
    </primary-key>
    <foreign-keys>
      <foreign-key name="IdmpodReports_FK1" reference-table-name="IdmpodDataModels">
        <fk-columns>
          <fk-column>
            <fk-local-column>REPORT_MODEL</fk-local-column>
            <fk-reference-column>MODEL_ID</fk-reference-column>
          </fk-column>
        </fk-columns>
        <fk-constraints>ON-DELETE-CASCADE</fk-constraints>
      </foreign-key>
      <foreign-key name="IdmpodReports_FK2" reference-table-name="IdmpodCharts">
        <fk-columns>
          <fk-column>
            <fk-local-column>CHART_ID</fk-local-column>
            <fk-reference-column>CHART_ID</fk-reference-column>
          </fk-column>
        </fk-columns>
        <fk-constraints>ON-DELETE-CASCADE</fk-constraints>
      </foreign-key>
    </foreign-keys>
  </table>

  <table name="IdmpodReportInputs">
    <description>Report input definitions</description>
    <columns>
      <column name="REPORT_INPUT_ID">
        <description>Unique identifier</description>
        <data-type>BIGINT</data-type>
        <uniquevalue-generation>
          <generator-name>IdmpodReportInputs.REPORT_INPUT_ID</generator-name>
        </uniquevalue-generation>
      </column>
      <column name="REPORT_ID">
        <data-type>BIGINT</data-type>
        <nullable>false</nullable>
      </column>
      <column name="REPORT_INPUT_TYPE">
        <data-type>CHAR</data-type>
        <max-size>256</max-size>
        <nullable>true</nullable>
        <unique>false</unique>
      </column>
      <column name="INPUT_LABEL">
        <data-type>CHAR</data-type>
        <max-size>256</max-size>
        <nullable>true</nullable>
        <unique>false</unique>
      </column>
      <column name="INPUT_MODEL">
        <data-type>BIGINT</data-type>
        <nullable>true</nullable>
      </column>
      <column name="INDEX">
        <data-type>BIGINT</data-type>
        <nullable>true</nullable>
      </column>
      <column name="INPUT_FIELD_NAME">
        <data-type>CHAR</data-type>
        <max-size>256</max-size>
        <nullable>false</nullable>
        <unique>false</unique>
      </column>
      <column name="CV_KEY">
        <data-type>CHAR</data-type>
        <max-size>256</max-size>
        <nullable>true</nullable>
        <unique>false</unique>
      </column>
      <column name="UI_COMPONENT_TYPE">
        <data-type>CHAR</data-type>
        <max-size>256</max-size>
        <nullable>false</nullable>
        <unique>false</unique>
      </column>
    </columns>
    <primary-key name="IdmpodReportInputs_PK">
      <primary-key-column>REPORT_INPUT_ID</primary-key-column>
    </primary-key>
    <foreign-keys>
      <foreign-key name="IdmpodReportInputs_FK1" reference-table-name="IdmpodReports">
        <fk-columns>
          <fk-column>
            <fk-local-column>REPORT_ID</fk-local-column>
            <fk-reference-column>REPORT_ID</fk-reference-column>
          </fk-column>
        </fk-columns>
        <fk-constraints>ON-DELETE-CASCADE</fk-constraints>
      </foreign-key>
      <foreign-key name="IdmpodReportInputs_FK2" reference-table-name="IdmpodDataModels">
        <fk-columns>
          <fk-column>
            <fk-local-column>INPUT_MODEL</fk-local-column>
            <fk-reference-column>MODEL_ID</fk-reference-column>
          </fk-column>
        </fk-columns>
        <fk-constraints>ON-DELETE-CASCADE</fk-constraints>
      </foreign-key>
    </foreign-keys>
  </table>

  <table name="IdmpodDashboardCharts">
    <description>Dashboard chart definitions</description>
    <columns>
      <column name="DASHBOARD_CHART_ID">
        <description>Unique identifier</description>
        <data-type>BIGINT</data-type>
        <uniquevalue-generation>
          <generator-name>IdmpodDashboardCharts.DASHBOARD_CHART_ID</generator-name>
        </uniquevalue-generation>
      </column>
      <column name="CHART_DISPLAY_NAME">
        <data-type>CHAR</data-type>
        <max-size>256</max-size>
        <nullable>false</nullable>
        <unique>false</unique>
      </column>
      <column name="CHART_ID">
        <data-type>BIGINT</data-type>
        <nullable>false</nullable>
      </column>
      <column name="WIDTH">
        <data-type>INTEGER</data-type>
        <nullable>true</nullable>
      </column>
    </columns>
    <primary-key name="IdmpodDashboardCharts_PK">
      <primary-key-column>DASHBOARD_CHART_ID</primary-key-column>
    </primary-key>
    <foreign-keys>
      <foreign-key name="IdmpodDashboardCharts_FK1" reference-table-name="IdmpodCharts">
        <fk-columns>
          <fk-column>
            <fk-local-column>CHART_ID</fk-local-column>
            <fk-reference-column>CHART_ID</fk-reference-column>
          </fk-column>
        </fk-columns>
        <fk-constraints>ON-DELETE-CASCADE</fk-constraints>
      </foreign-key>
    </foreign-keys>
  </table>

</data-dictionary>
