<security xmlns:xsi="http://www.w3.org/2001/XMLSchema-instance"	xsi:noNamespaceSchemaLocation="conf/security.xsd">
	<regexes>

			<!--  Common regexes	 -->
		<regex name="alphaNeumeric" value="^([a-zA-Z0-9])+$" />
        <regex name="alphabets_underscore" value="^([a-zA-Z\_])+$"/>
		<regex name="alphabets_number_underscore" value="^([a-zA-Z0-9\_])+$" />
		<regex name="alphaNeumeric_dot_hypen_underscore" value="^([a-zA-Z0-9.\-\_])+$" />
        <regex name="alphabets_space" value="^([a-zA-Z\ ])+$"/>
		<regex name="alphabets" value="^([a-zA-Z])+$"/>
		<regex name="numbers" value="^([0-9])+$"/>

        <regex name="graphName" value="(LogTrend|AllEvents|EventCategoryType|EventCategoryFacility)" />

		<regex name="username" value="^[A-Za-z0-9_.]+$" />
		<regex name="email" value="^[\w]([\w\-\.\+\'\/]*)@([\w\-\.]*)(\.[a-zA-Z]{2,22}(\.[a-zA-Z]{2}){0,2})$" />
		<regex name="password" value="^.{3,250}$" />
		<regex name="userRoles" value="Administrator|Operator|Guest" />
		<regex name="groupIds_comma_separated" value="(^(([0-9]+\,)([0-9]+\,)*)?$)|(1=1)" />
		<regex name="importLogTypes" value="eventlog|applog" />
        <regex name="devicetypes" value="Windows|Syslog|Others"/>
        <regex name="devicestatus" value="ALL|ACTIVE|ENABLED"/>

        <!--  regexes to proxy Zoho logs API	 -->
		<regex name="zl_dateTimeFormat" value="(([1-2][0-9])|([3][0-1])|([0]?[1-9]))/(([1][0-2])|([0]?[1-9]))/((19)|(20))[0-9][0-9] (([2][0-3])|([0-1]?[0-9])|([0-1])):([0-5][0-9])(:[0-5][0-9](\\.[0-9]{3})?)?"/>
		<regex name="zl_rawlogs_range" value="^([0-9]+\-[0-9]+)+$"/>
		<regex name="zl_rawlogs_order" value="(asc|desc|no_sort)"/>
		<regex name="timezone" value="^([a-zA-Z0-9\+\-\:\/\_])+$" />

		<regex name="iamcleartextpattern" value="^[0-9a-zA-Z_\-\+\.\$@\?\,\:\'\/\!\[\]\|&amp;\P{InBasicLatin}\s]+$"/>

		<regex name="iambase64" value="[0-9a-zA-Z&quot;\{\}_\-\+\.\$@\?\,\:=\'\/\!\[\]\|&amp;\P{InBasicLatin}\s]+" />
		<regex name="serviceurl" value="^(http(s?)\:\/\/[-.\w]*)?(\/?)([a-zA-Z0-9\-\.\?\,\:\'\/\\\+\*=&amp;%\$;#_@]*)?$" />
	</regexes>
</security>
