<security xmlns:xsi="http://www.w3.org/2001/XMLSchema-instance" xsi:noNamespaceSchemaLocation="conf/security.xsd">

    <!-- regexes stored in file - security-regex.xml file -->

    <!-- static files open access -->
    <urls>
        <url path="/favicon.ico">
            <param name="v" type="String" min-occurrences="0" max-occurrences="1"/>
        </url>
        <url path="/assets/[a-z0-9_-]+.css"/>
        <url path="/assets/[a-z]+.js"/>
        <url path="/images/[a-z0-9_-]+.png"/>
        <url path="/images/[a-z0-9_-]+.jpg"/>
        <url path="/images/[a-z0-9_-]+.gif"/>
        <url path="/icons/[a-z0-9_-]+.png"/>
        <url path="/icons/[a-z0-9_-]+.jpg"/>
        <url path="/icons/[a-z0-9_-]+.gif"/>
        <url path="/fonts/[A-Za-z0-9_-]+.(ttf|woff|woff2)"/>
        <url path="/fonts/Regular/[A-Za-z0-9_-]+.(ttf|woff|woff2)"/>
        <url path="/fonts/Bold/[A-Za-z0-9_-]+.(ttf|woff|woff2)"/>
        <url path="/fonts/Semibold/[A-Za-z0-9_-]+.(ttf|woff|woff2)"/>
        <url path="/fonts/Light/[A-Za-z0-9_-]+.(ttf|woff|woff2)"/>
        <url path="/fonts/Italic/[A-Za-z0-9_-]+.(ttf|woff|woff2)"/>

        <url path="/admin/favicon.ico"/>
        <url path="/admin/assets/[A-Za-z0-9_-]+.css" path-regex="true"/>
        <url path="/admin/assets/[A-Za-z0-9_-]+.js" path-regex="true"/>
        <url path="/admin/assets/i18n/[A-Za-z0-9_-]+.js" path-regex="true"/>
        <url path="/admin/images/[A-Za-z0-9_-]+.png" path-regex="true"/>
        <url path="/admin/images/[A-Za-z0-9_-]+.jpg" path-regex="true"/>
        <url path="/admin/images/[A-Za-z0-9_-]+.gif" path-regex="true"/>
        <url path="/admin/icons/[A-Za-z0-9_-]+.png" path-regex="true"/>
        <url path="/admin/icons/[A-Za-z0-9_-]+.jpg" path-regex="true"/>
        <url path="/admin/icons/[A-Za-z0-9_-]+.gif" path-regex="true"/>
        <url path="/admin/fonts/[A-Za-z0-9_-]+.(ttf|woff|woff2)" path-regex="true"/>
        <url path="/admin/fonts/lato/[A-Za-z0-9_-]+.(ttf|woff|woff2)" path-regex="true"/>
        <url path="/admin/fonts/Regular/[A-Za-z0-9_-]+.(ttf|woff|woff2)" path-regex="true"/>
        <url path="/admin/fonts/Bold/[A-Za-z0-9_-]+.(ttf|woff|woff2)" path-regex="true"/>
        <url path="/admin/fonts/Semibold/[A-Za-z0-9_-]+.(ttf|woff|woff2)" path-regex="true"/>
        <url path="/admin/fonts/Light/[A-Za-z0-9_-]+.(ttf|woff|woff2)" path-regex="true"/>
        <url path="/admin/fonts/Italic/[A-Za-z0-9_-]+.(ttf|woff|woff2)" path-regex="true"/>

        <url path="/user/favicon.ico"/>
        <url path="/user/assets/[A-Za-z0-9_-]+.css" path-regex="true"/>
        <url path="/user/assets/[A-Za-z0-9_-]+.js" path-regex="true"/>
        <url path="/user/assets/i18n/[A-Za-z0-9_-]+.js" path-regex="true"/>
        <url path="/user/images/[A-Za-z0-9_-]+.png" path-regex="true"/>
        <url path="/user/images/[A-Za-z0-9_-]+.jpg" path-regex="true"/>
        <url path="/user/images/[A-Za-z0-9_-]+.gif" path-regex="true"/>
        <url path="/user/icons/[A-Za-z0-9_-]+.png" path-regex="true"/>
        <url path="/user/icons/[A-Za-z0-9_-]+.jpg" path-regex="true"/>
        <url path="/user/icons/[A-Za-z0-9_-]+.gif" path-regex="true"/>
        <url path="/user/fonts/[A-Za-z0-9_-]+.(ttf|woff|woff2)" path-regex="true"/>
        <url path="/user/fonts/lato/[A-Za-z0-9_-]+.(ttf|woff|woff2)" path-regex="true"/>
        <url path="/user/fonts/Regular/[A-Za-z0-9_-]+.(ttf|woff|woff2)" path-regex="true"/>
        <url path="/user/fonts/Bold/[A-Za-z0-9_-]+.(ttf|woff|woff2)" path-regex="true"/>
        <url path="/user/fonts/Semibold/[A-Za-z0-9_-]+.(ttf|woff|woff2)" path-regex="true"/>
        <url path="/user/fonts/Light/[A-Za-z0-9_-]+.(ttf|woff|woff2)" path-regex="true"/>
        <url path="/user/fonts/Italic/[A-Za-z0-9_-]+.(ttf|woff|woff2)" path-regex="true"/>

        <url path="/signup/favicon.ico"/>
        <url path="/signup/assets/[a-z0-9._-]+.css" path-regex="true">
            <param name="v" type="String" min-occurrences="0" max-occurrences="1"/>
        </url>
        <url path="/signup/assets/[a-z0-9._-]+.js" path-regex="true"/>
        <url path="/signup/images/[a-z0-9_-]+.png" path-regex="true"/>
        <url path="/signup/images/[a-z0-9_-]+.jpg" path-regex="true"/>
        <url path="/signup/images/[a-z0-9_-]+.gif" path-regex="true"/>
        <url path="/signup/icons/[a-z0-9_-]+.png" path-regex="true"/>
        <url path="/signup/icons/[a-z0-9_-]+.jpg" path-regex="true"/>
        <url path="/signup/icons/[a-z0-9_-]+.gif" path-regex="true"/>
        <url path="/signup/fonts/[A-Za-z0-9_-]+.(ttf|woff|woff2)" path-regex="true"/>
        <url path="/signup/fonts/lato/[A-Za-z0-9_-]+.(ttf|woff|woff2)" path-regex="true"/>
        <url path="/signup/fonts/glyphicons/[A-Za-z0-9_-]+.(ttf|woff|woff2)" path-regex="true"/>
        <url path="/signup/fonts/Semibold/[A-Za-z0-9_-]+.(ttf|woff|woff2)" path-regex="true"/>
        <url path="/signup/fonts/Light/[A-Za-z0-9_-]+.(ttf|woff|woff2)" path-regex="true"/>
        <url path="/signup/fonts/Italic/[A-Za-z0-9_-]+.(ttf|woff|woff2)" path-regex="true"/>
    </urls>

    <urls>
        <url path="/" authentication="required"/>

        <url path="/admin" authentication="required" app-account-member-roles="SuperAdmin,Admin"/>

        <url path="/admin/" authentication="required" app-account-member-roles="SuperAdmin,Admin"></url>
        <url path="/admin/applications" authentication="required" app-account-member-roles="SuperAdmin,Admin"></url>
        <url path="/admin/applications/add" authentication="required" app-account-member-roles="SuperAdmin,Admin">
            <extraparam min-len="0" type="String" max-len="1000" description="To allow load with queryparams"/>
        </url>
        <url path="/admin/applications/list" authentication="required"
             app-account-member-roles="SuperAdmin,Admin"></url>
        <url path="/admin/dashboard" authentication="required" app-account-member-roles="SuperAdmin,Admin"></url>
        <url path="/admin/directorySettings" authentication="required"
             app-account-member-roles="SuperAdmin,Admin"></url>
        <url path="/admin/directorySettings/directory" authentication="required"
             app-account-member-roles="SuperAdmin,Admin"></url>
        <url path="/admin/directorySettings/directory/activeDirectory" authentication="required"
             app-account-member-roles="SuperAdmin,Admin"></url>
        <url path="/admin/directorySettings/directory/activeDirectory/add" authentication="required"
             app-account-member-roles="SuperAdmin,Admin"></url>
        <url path="/admin/directorySettings/directory/activeDirectory/modify/[A-Za-z0-9_-]+" path-regex="true"
             authentication="required" app-account-member-roles="SuperAdmin,Admin"></url>
        <url path="/admin/directorySettings/directory/activeDirectory/select-ous/[A-Za-z0-9_-]+" path-regex="true"
             authentication="required" app-account-member-roles="SuperAdmin,Admin"></url>
        <url path="/admin/directorySettings/directory/activeDirectory/select-ous/[A-Za-z0-9_-]+/verifyObjects"
             path-regex="true" authentication="required" app-account-member-roles="SuperAdmin,Admin">
            <extraparam min-len="0" type="String" max-len="1000" description="To allow load with queryparams"/>
        </url>
        <url path="/admin/directorySettings/directory/add" authentication="required"
             app-account-member-roles="SuperAdmin,Admin"></url>
        <url path="/admin/directorySettings/directory/azureActiveDirectory" authentication="required"
             app-account-member-roles="SuperAdmin,Admin"></url>
        <url path="/admin/directorySettings/directory/azureActiveDirectory/add" authentication="required"
             app-account-member-roles="SuperAdmin,Admin"></url>
        <url path="/admin/directorySettings/directory/azureActiveDirectory/modify/[A-Za-z0-9_-]+" path-regex="true"
             authentication="required" app-account-member-roles="SuperAdmin,Admin"></url>
        <url path="/admin/directorySettings/directory/azureActiveDirectory/select-domains/[A-Za-z0-9_-]+"
             path-regex="true" authentication="required" app-account-member-roles="SuperAdmin,Admin"></url>
        <url path="/admin/directorySettings/directory/azureActiveDirectory/select-domains/[A-Za-z0-9_-]+/verifyObjects"
             path-regex="true" authentication="required" app-account-member-roles="SuperAdmin,Admin">
            <extraparam min-len="0" type="String" max-len="1000" description="To allow load with queryparams"/>
        </url>
        <url path="/admin/directorySettings/directory/gsuite" authentication="required"
             app-account-member-roles="SuperAdmin,Admin"></url>
        <url path="/admin/directorySettings/directory/gsuite/add" authentication="required"
             app-account-member-roles="SuperAdmin,Admin"></url>
        <url path="/admin/directorySettings/directory/gsuite/modify" authentication="required"
             app-account-member-roles="SuperAdmin,Admin"></url>
        <url path="/admin/directorySettings/directory/gsuite/select-domains/[A-Za-z0-9_-]+" path-regex="true"
             authentication="required" app-account-member-roles="SuperAdmin,Admin"></url>
        <url path="/admin/directorySettings/directory/gsuite/select-domains/[A-Za-z0-9_-]+/verifyObjects"
             path-regex="true" authentication="required" app-account-member-roles="SuperAdmin,Admin">
            <extraparam min-len="0" type="String" max-len="1000" description="To allow load with queryparams"/>
        </url>
        <url path="/admin/directorySettings/directory/list" authentication="required"
             app-account-member-roles="SuperAdmin,Admin"></url>
        <url path="/admin/directorySettings/users" authentication="required"
             app-account-member-roles="SuperAdmin,Admin"></url>
        <url path="/admin/directorySettings/users/invitedUsers" authentication="required"
             app-account-member-roles="SuperAdmin,Admin"></url>
        <url path="/admin/directorySettings/users/add" authentication="required"
             app-account-member-roles="SuperAdmin,Admin"></url>
        <url path="/admin/directorySettings/users/list" authentication="required"
             app-account-member-roles="SuperAdmin,Admin">
            <extraparam min-len="0" type="String" max-len="1000" description="To allow load with queryparams"/>
        </url>
        <url path="/admin/loading" authentication="required" app-account-member-roles="SuperAdmin,Admin"></url>
        <url path="/admin/reports" authentication="required" app-account-member-roles="SuperAdmin,Admin"></url>
        <url path="/admin/reports/view-report/[A-Za-z0-9_-]+" path-regex="true" authentication="required"
             app-account-member-roles="SuperAdmin,Admin">
            <extraparam min-len="0" type="String" max-len="1000" description="To allow load with queryparams"/>
        </url>
        <url path="/admin/support" authentication="required" app-account-member-roles="SuperAdmin,Admin"></url>
        <url path="/admin/subscription" authentication="required" app-account-member-roles="SuperAdmin,Admin"></url>

        <url path="/user" authentication="required"/>

        <url path="/user/loading" authentication="required"></url>
        <url path="/user/applications" authentication="required">
            <extraparam min-len="0" type="String" max-len="1000" description="To allow load with queryparams"/>
        </url>
        <url path="/user/" authentication="required"></url>

        <url path="/api/json/users/current" authentication="required" method="get" csrf="true">
            <extraparam min-len="0" type="String" max-len="4000" description="To allow extra parameters and values"/>
        </url>
        <url path="/api/json/users" authentication="required" method="get" csrf="true">
            <extraparam min-len="0" type="String" max-len="4000" description="To allow extra parameters and values"/>
        </url>
        <url path="/api/json/users/[A-Za-z0-9_-]+/assign-apps" path-regex="true" authentication="required" method="post"
             csrf="true">
            <extraparam min-len="0" type="String" max-len="4000" description="To allow extra parameters and values"/>
        </url>
        <url path="/api/json/users/assign-apps" authentication="required" method="post"
             csrf="true">
            <extraparam min-len="0" type="String" max-len="4000" description="To allow extra parameters and values"/>
        </url>
        <url path="/api/json/users/unassign-apps" authentication="required" method="post"
             csrf="true">
            <extraparam min-len="0" type="String" max-len="4000" description="To allow extra parameters and values"/>
        </url>
        <url path="/api/json/users/[A-Za-z0-9_-]+" path-regex="true" authentication="required" method="patch"
             csrf="true"></url>
        <url path="/api/json/users/[A-Za-z0-9_-]+" path-regex="true" authentication="required" method="delete"
             csrf="true"></url>
        <url path="/api/json/invited-users" authentication="required" method="get" csrf="true">
            <extraparam min-len="0" type="String" max-len="4000" description="To allow extra parameters and values"/>
        </url>
        <url path="/api/json/invited-users/delete-invitations" authentication="required" method="delete" csrf="true">
            <extraparam min-len="0" type="String" max-len="4000" description="To allow extra parameters and values"/>
        </url>
        <url path="/api/json/app-users" authentication="required" method="get" csrf="true">
            <extraparam min-len="0" type="String" max-len="4000" description="To allow extra parameters and values"/>
        </url>
        <url path="/api/json/saml-app-categories" authentication="required" method="get" csrf="true">
            <extraparam min-len="0" type="String" max-len="4000" description="To allow extra parameters and values"/>
        </url>
        <url path="/api/json/saml-app-templates" authentication="required" method="get" csrf="true">
            <extraparam min-len="0" type="String" max-len="4000" description="To allow extra parameters and values"/>
        </url>
        <url path="/api/json/saml-app-templates/[A-Za-z0-9_-]+" path-regex="true" authentication="required" method="get"
             csrf="true">
            <extraparam min-len="0" type="String" max-len="4000" description="To allow extra parameters and values"/>
        </url>
        <url path="/api/json/user-saml-apps" authentication="required" method="get" csrf="true">
            <extraparam min-len="0" type="String" max-len="4000" description="To allow extra parameters and values"/>
        </url>
        <url path="/api/json/saml-apps" authentication="required" method="get" csrf="true">
            <extraparam min-len="0" type="String" max-len="4000" description="To allow extra parameters and values"/>
        </url>
        <url path="/api/json/saml-apps" authentication="required" method="post" csrf="true"></url>
        <url path="/api/json/saml-apps/[A-Za-z0-9_-]+" path-regex="true" authentication="required" method="get"
             csrf="true">
            <extraparam min-len="0" type="String" max-len="4000" description="To allow extra parameters and values"/>
        </url>
        <url path="/api/json/saml-apps/[A-Za-z0-9_-]+" path-regex="true" authentication="required" method="patch"
             csrf="true"></url>
        <url path="/api/json/saml-apps/[A-Za-z0-9_-]+" path-regex="true" authentication="required" method="delete"
             csrf="true"></url>
        <url path="/api/json/saml-apps/[A-Za-z0-9_-]+/assign-users" path-regex="true" authentication="required"
             method="post" csrf="true">
            <extraparam min-len="0" type="String" max-len="4000" description="To allow extra parameters and values"/>
        </url>
        <url path="/api/json/saml-apps/[A-Za-z0-9_-]+/remove-users" path-regex="true" authentication="required"
             method="post" csrf="true">
            <extraparam min-len="0" type="String" max-len="4000" description="To allow extra parameters and values"/>
        </url>
        <url path="/api/json/saml-app-configurations" authentication="required" method="get" csrf="true">
            <extraparam min-len="0" type="String" max-len="4000" description="To allow extra parameters and values"/>
        </url>
        <url path="/api/json/directory-types" authentication="required" method="get" csrf="true">
            <extraparam min-len="0" type="String" max-len="4000" description="To allow extra parameters and values"/>
        </url>
        <url path="/api/json/directories" authentication="required" method="get" csrf="true">
            <extraparam min-len="0" type="String" max-len="4000" description="To allow extra parameters and values"/>
        </url>
        <url path="/api/json/directories" authentication="required" method="post" csrf="true"></url>
        <url path="/api/json/directories/[A-Za-z0-9_-]+" path-regex="true" authentication="required" method="get"
             csrf="true">
            <extraparam min-len="0" type="String" max-len="4000" description="To allow extra parameters and values"/>
        </url>
        <url path="/api/json/directories/[A-Za-z0-9_-]+" path-regex="true" authentication="required" method="patch"
             csrf="true"></url>
        <url path="/api/json/directories/[A-Za-z0-9_-]+" path-regex="true" authentication="required" method="delete"
             csrf="true"></url>
        <url path="/api/json/directories/[A-Za-z0-9_-]+/collect" path-regex="true" authentication="required"
             method="get" csrf="true">
            <extraparam min-len="0" type="String" max-len="4000" description="To allow extra parameters and values"/>
        </url>
        <url path="/api/json/directories/[A-Za-z0-9_-]+/sync-now" path-regex="true" authentication="required"
             method="post" csrf="true"></url>
        <url path="/api/json/directories/[A-Za-z0-9_-]+/sync" path-regex="true" authentication="required" method="post"
             csrf="true">
            <extraparam min-len="0" type="String" max-len="4000" description="To allow extra parameters and values"/>
        </url>
        <url path="/api/json/directories/[A-Za-z0-9_-]+/import" path-regex="true" authentication="required"
             method="post" csrf="true">
            <extraparam min-len="0" type="String" max-len="4000" description="To allow extra parameters and values"/>
        </url>
        <url path="/api/json/directories/[A-Za-z0-9_-]+/add-users" path-regex="true" authentication="required"
             method="post" csrf="true">
            <extraparam min-len="0" type="String" max-len="4000" description="To allow extra parameters and values"/>
        </url>
        <url path="/api/json/organizational-units/[A-Za-z0-9_-]+" path-regex="true" authentication="required"
             method="patch" csrf="true"></url>
        <url path="/api/json/organizational-units" authentication="required" method="get" csrf="true">
            <extraparam min-len="0" type="String" max-len="4000" description="To allow extra parameters and values"/>
        </url>
        <url path="/api/json/domains/[A-Za-z0-9_-]+" path-regex="true" authentication="required" method="patch"
             csrf="true"></url>
        <url path="/api/json/domains" authentication="required" method="get" csrf="true">
            <extraparam min-len="0" type="String" max-len="4000" description="To allow extra parameters and values"/>
        </url>
        <url path="/api/json/pdomains/[A-Za-z0-9_.-]+" path-regex="true" authentication="required" method="patch"
             csrf="true"></url>
        <url path="/api/json/pdomains/[A-Za-z0-9_.-]+" path-regex="true" authentication="required" method="delete"
            csrf="true"></url>
        <url path="/api/json/pdomains" path-regex="true" authentication="required" method="post"
             csrf="true"></url>
        <url path="/api/json/pdomains" authentication="required" method="get" csrf="true">
            <extraparam min-len="0" type="String" max-len="4000" description="To allow extra parameters and values"/>
        </url>
        <url path="/api/json/synched-objects" authentication="required" method="get" csrf="true">
            <extraparam min-len="0" type="String" max-len="4000" description="To allow extra parameters and values"/>
        </url>
        <url path="/api/json/reports" authentication="required" method="get" csrf="true">
            <extraparam min-len="0" type="String" max-len="4000" description="To allow extra parameters and values"/>
        </url>
        <url path="/api/json/report-fields" authentication="required" method="get" csrf="true">
            <extraparam min-len="0" type="String" max-len="4000" description="To allow extra parameters and values"/>
        </url>
        <url path="/api/json/application-access-events" authentication="required" method="get" csrf="true">
            <extraparam min-len="0" type="String" max-len="4000" description="To allow extra parameters and values"/>
        </url>
        <url path="/api/json/charts" authentication="required" method="get" csrf="true">
            <extraparam min-len="0" type="String" max-len="4000" description="To allow extra parameters and values"/>
        </url>
        <url path="/api/json/dashboards/current" authentication="required" method="get" csrf="true">
            <extraparam min-len="0" type="String" max-len="4000" description="To allow extra parameters and values"/>
        </url>
        <url path="/api/json/gsuite-auth-tokens" authentication="required" method="post" csrf="true"></url>
        <url path="/api/json/gsuite-auth-tokens/[A-Za-z0-9_-]+" path-regex="true" authentication="required" method="get"
             csrf="true">
            <extraparam min-len="0" type="String" max-len="4000" description="To allow extra parameters and values"/>
        </url>
        <url path="/api/json/azure-auth-tokens" authentication="required" method="post" csrf="true"></url>
        <url path="/api/json/azure-auth-tokens/[A-Za-z0-9_-]+" path-regex="true" authentication="required" method="get"
             csrf="true">
            <extraparam min-len="0" type="String" max-len="4000" description="To allow extra parameters and values"/>
        </url>
        <url path="/api/json/parsed-sp-metadata" authentication="required" method="get" csrf="true">
            <extraparam min-len="0" type="String" max-len="4000" description="To allow extra parameters and values"/>
        </url>
        <url path="/api/json/admin-audit-events" authentication="required" method="get" csrf="true">
            <extraparam min-len="0" type="String" max-len="4000" description="To allow extra parameters and values"/>
        </url>

        <url path="/api/json/subscriptions/current" authentication="required" method="get" csrf="true"></url>
        <url path="/api/json/subscriptions/[A-Za-z0-9_-]+" path-regex="true" authentication="required" method="patch"
             csrf="true"></url>

        <url path="/saml-login" authentication="required">
            <param name="appid" type="String" min-occurrences="1" max-occurrences="1"/>
        </url>

        <url path="/sp-saml-login" authentication="required" method="post,get">
            <param name="SAMLRequest" regex="iambase64" max-len="10000"/>
            <param name="RelayState" regex="serviceurl" max-len="10000"/>
            <extraparam min-len="0" type="String" max-len="4000" description="To allow extra parameters and values"/>
        </url>

        <url path="/saml-logout" authentication="required" method="post,get">
            <param name="appid" type="String" min-occurrences="1" max-occurrences="1"/>
            <param name="SAMLRequest" max-len="50000" type="String" />
            <param name="SAMLResponse" max-len="50000" type="String" />
            <param name="RelayState" max-len="50000" type="String" />
            <extraparam min-len="0" type="String" max-len="4000" description="To allow extra parameters and values"/>
        </url>

        <url path="/invitationaccept" authentication="required">
            <param name="id" type="String" min-occurrences="1" max-occurrences="1"/>
        </url>

        <url path="/azurecb" authentication="required">
            <param name="code" type="String" min-occurrences="0" max-occurrences="1" max-len="4000"/>
            <param name="error" type="String" min-occurrences="0" max-occurrences="1" max-len="4000"/>
            <param name="error_description" type="String" min-occurrences="0" max-occurrences="1" max-len="4000"/>
            <param name="state" type="String" min-occurrences="0" max-occurrences="1"/>
            <param name="session_state" type="String" min-occurrences="0" max-occurrences="1"/>
            <param name="admin_consent" type="String" min-occurrences="0" max-occurrences="1"/>
        </url>

        <url path="/gsuitecb" authentication="required">
            <param name="code" type="String" min-occurrences="0" max-occurrences="1" max-len="4000"/>
            <param name="error" type="String" min-occurrences="0" max-occurrences="1"/>
            <param name="state" type="String" min-occurrences="0" max-occurrences="1" max-len="4000"/>
            <param name="scope" type="String" min-occurrences="0" max-occurrences="1" max-len="4000"/>
        </url>

        <url path="/signup" authentication="optional"/>
        <url path="/start" authentication="required"/>
        <url path="/restore" authentication="required"/>
        <url path="/createOrg" authentication="required"/>
        <url path="/login"/>
        <url path="/logout" authentication="required"></url>

        <url path="/api/create-organization" authentication="required">
            <param name="ORGANIZATION_NAME" type="String" min-occurrences="1" max-occurrences="1"/>
        </url>

        <url path="/api/start-trial" authentication="required"></url>
        <url path="/api/recover-account" authentication="required" app-account-member-roles="SuperAdmin"></url>

        <url path="/debug/index.jsp" authentication="required" internal="true" roles="SASAdmin"></url>
        <url path="/debug/userDetails.jsp" authentication="required" internal="true" roles="SASAdmin">
            <param name="user" type="String" min-occurrences="0" max-occurrences="1"/>
        </url>
        <url path="/debug/auditLoggingOptions.jsp" authentication="required" internal="true" roles="SASAdmin">
            <param name="conf" type="String" min-occurrences="0" max-occurrences="1"/>
        </url>
        <url path="/debug/modifyLoggingOptions.jsp" authentication="required" internal="true" roles="SASAdmin">
            <param name="conf" type="String" min-occurrences="0" max-occurrences="1"/>
            <param name="ipConfig" type="String" min-occurrences="0" max-occurrences="1"/>
        </url>
        <url path="/debug/commonSchedulers.jsp" authentication="required" internal="true" roles="SASAdmin">
            <param name="try" type="String" min-occurrences="0" max-occurrences="1"/>
        </url>
    </urls>
</security>
