<?xml version="1.0" encoding="UTF-8"?>
<!-- $Id: $ -->
<security xmlns:xsi="http://www.w3.org/2001/XMLSchema-instance" xsi:noNamespaceSchemaLocation="conf/security.xsd">
	<properties>
		<property name="service.name" value="idmpod" />
		<property name="login.page" value="/login" />
		<property name="logout.page" value="/logout" />

		<property name="csrf.cookie.name" value="idmpodzcsrf" />
		<property name="csrf.param.name" value="idmpodzcsrfcookie" />
		<property name="disable.authcsrf" value="false" />

		<property name="response.encoding" value="UTF-8" />
		<property name="com.adventnet.iam.internal.server" value="https://accounts.csez.zohocorpin.com" />
		<property name="disable.apiserviceticket" value="true" />
		<!-- `ignore.trailing.slash` is configured to avoid configuration optional trailing slash for all the API urls -->
		<property name="ignore.trailing.slash" value="true" />
	</properties>
</security>
